feature,count,mean,std,min,25%,50%,75%,max
candidate_skill_count,30000.0,5.5,1.71,3.0,4.0,6.0,7.0,8.0
must_have_skill_count,30000.0,2.52,1.36,0.0,2.0,2.0,3.0,7.0
nice_to_have_skill_count,30000.0,2.54,1.33,0.0,2.0,2.0,3.0,7.0
must_have_match_rate,30000.0,14.89,28.53,0.0,0.0,0.0,25.0,100.0
nice_to_have_match_rate,30000.0,14.79,28.2,0.0,0.0,0.0,25.0,100.0
overall_skill_match_rate,30000.0,14.87,22.34,0.0,0.0,0.0,25.0,100.0
experience_match_score,30000.0,89.62,20.44,20.0,88.89,100.0,100.0,100.0
location_match_score,30000.0,4.96,21.72,0.0,0.0,0.0,0.0,100.0
structured_match_score,30000.0,28.83,16.37,4.0,20.0,20.0,37.5,100.0
