"job_id","job_code","job_title","job_status","opened_date","closed_date","job_age_days","aging_bucket","total_applications","offer_count","hired_count","placement_count","application_to_placement_rate"
217,JOB-2026-00217,Full Stack Developer,Open,2025-01-04,,586,"90+ DAYS",46,3,0,0,0.00
420,JOB-2026-00420,Data Scientist,On Hold,2025-01-05,,585,"90+ DAYS",0,0,0,0,
401,JOB-2026-00401,Senior Data Analyst,Open,2025-01-05,,585,"90+ DAYS",36,3,3,1,2.78
498,JOB-2026-00498,Senior Data Analyst,On Hold,2025-01-06,,584,"90+ DAYS",0,0,0,0,
83,JOB-2026-00083,AI Engineer,On Hold,2025-01-08,,582,"90+ DAYS",0,0,0,0,
186,JOB-2026-00186,Data Scientist,Open,2025-01-09,,581,"90+ DAYS",42,3,3,0,0.00
15,JOB-2026-00015,DevOps Engineer,Open,2025-01-16,,574,"90+ DAYS",52,4,4,0,0.00
517,JOB-2026-00517,AI Engineer,On Hold,2025-01-21,,569,"90+ DAYS",0,0,0,0,
609,JOB-2026-00609,Senior Java Developer,Open,2025-01-22,,568,"90+ DAYS",35,2,0,0,0.00
532,JOB-2026-00532,DevOps Engineer,On Hold,2025-01-23,,567,"90+ DAYS",0,0,0,0,
543,JOB-2026-00543,DevOps Engineer,On Hold,2025-01-24,,566,"90+ DAYS",0,0,0,0,
662,JOB-2026-00662,DevOps Engineer,Open,2025-01-26,,564,"90+ DAYS",54,7,2,0,0.00
538,JOB-2026-00538,Full Stack Developer,Open,2025-01-26,,564,"90+ DAYS",42,2,2,0,0.00
784,JOB-2026-00784,Senior Data Analyst,Open,2025-01-28,,562,"90+ DAYS",49,2,0,1,2.04
810,JOB-2026-00810,ML Engineer,Open,2025-01-29,,561,"90+ DAYS",34,1,0,0,0.00
114,JOB-2026-00114,Business Analyst,On Hold,2025-01-30,,560,"90+ DAYS",0,0,0,0,
932,JOB-2026-00932,Senior Java Developer,Open,2025-02-05,,554,"90+ DAYS",30,3,2,0,0.00
354,JOB-2026-00354,Data Scientist,Open,2025-02-06,,553,"90+ DAYS",51,2,1,0,0.00
654,JOB-2026-00654,Full Stack Developer,On Hold,2025-02-07,,552,"90+ DAYS",0,0,0,0,
649,JOB-2026-00649,Full Stack Developer,On Hold,2025-02-09,,550,"90+ DAYS",0,0,0,0,
742,JOB-2026-00742,DevOps Engineer,On Hold,2025-02-09,,550,"90+ DAYS",0,0,0,0,
992,JOB-2026-00992,Java Developer,Open,2025-02-11,,548,"90+ DAYS",36,3,2,0,0.00
603,JOB-2026-00603,Java Developer,On Hold,2025-02-13,,546,"90+ DAYS",0,0,0,0,
72,JOB-2026-00072,AI Engineer,On Hold,2025-02-21,,538,"90+ DAYS",0,0,0,0,
36,JOB-2026-00036,Senior Java Developer,Open,2025-02-21,,538,"90+ DAYS",55,3,0,0,0.00
553,JOB-2026-00553,Senior Java Developer,Open,2025-02-23,,536,"90+ DAYS",31,2,1,0,0.00
216,JOB-2026-00216,Data Scientist,Open,2025-02-24,,535,"90+ DAYS",43,2,0,0,0.00
258,JOB-2026-00258,Senior Data Analyst,Open,2025-02-24,,535,"90+ DAYS",35,2,1,0,0.00
650,JOB-2026-00650,Java Developer,On Hold,2025-02-25,,534,"90+ DAYS",0,0,0,0,
393,JOB-2026-00393,Java Developer,Open,2025-02-26,,533,"90+ DAYS",51,2,4,1,1.96
963,JOB-2026-00963,Senior Java Developer,Open,2025-03-03,,528,"90+ DAYS",53,0,1,0,0.00
199,JOB-2026-00199,Senior Java Developer,On Hold,2025-03-05,,526,"90+ DAYS",0,0,0,0,
161,JOB-2026-00161,ML Engineer,Open,2025-03-06,,525,"90+ DAYS",44,3,0,0,0.00
961,JOB-2026-00961,Senior Java Developer,On Hold,2025-03-10,,521,"90+ DAYS",0,0,0,0,
185,JOB-2026-00185,Senior Data Analyst,Open,2025-03-14,,517,"90+ DAYS",36,5,0,0,0.00
396,JOB-2026-00396,DevOps Engineer,Open,2025-03-15,,516,"90+ DAYS",49,2,2,1,2.04
243,JOB-2026-00243,Full Stack Developer,Open,2025-03-18,,513,"90+ DAYS",42,1,1,0,0.00
249,JOB-2026-00249,DevOps Engineer,Open,2025-03-18,,513,"90+ DAYS",48,4,0,0,0.00
203,JOB-2026-00203,Senior Data Analyst,Open,2025-03-18,,513,"90+ DAYS",43,2,1,0,0.00
479,JOB-2026-00479,ML Engineer,Open,2025-03-20,,511,"90+ DAYS",35,2,4,0,0.00
792,JOB-2026-00792,DevOps Engineer,Open,2025-03-20,,511,"90+ DAYS",51,1,1,0,0.00
481,JOB-2026-00481,Java Developer,Open,2025-03-22,,509,"90+ DAYS",46,3,1,0,0.00
379,JOB-2026-00379,DevOps Engineer,Open,2025-03-22,,509,"90+ DAYS",49,4,1,1,2.04
352,JOB-2026-00352,Full Stack Developer,Open,2025-03-23,,508,"90+ DAYS",41,1,2,0,0.00
305,JOB-2026-00305,Business Analyst,Open,2025-03-23,,508,"90+ DAYS",47,5,2,0,0.00
774,JOB-2026-00774,AI Engineer,Open,2025-03-25,,506,"90+ DAYS",33,3,1,0,0.00
663,JOB-2026-00663,Senior Java Developer,Open,2025-03-26,,505,"90+ DAYS",46,1,2,0,0.00
626,JOB-2026-00626,Data Analyst,On Hold,2025-03-27,,504,"90+ DAYS",0,0,0,0,
816,JOB-2026-00816,AI Engineer,Open,2025-03-27,,504,"90+ DAYS",47,0,2,0,0.00
507,JOB-2026-00507,AI Engineer,Open,2025-03-28,,503,"90+ DAYS",44,3,1,0,0.00
90,JOB-2026-00090,Data Analyst,Open,2025-03-28,,503,"90+ DAYS",43,3,0,1,2.33
335,JOB-2026-00335,AI Engineer,Open,2025-03-29,,502,"90+ DAYS",40,3,1,1,2.50
601,JOB-2026-00601,Senior Data Analyst,Open,2025-04-03,,497,"90+ DAYS",44,1,1,0,0.00
318,JOB-2026-00318,Senior Data Analyst,Open,2025-04-04,,496,"90+ DAYS",48,0,1,0,0.00
991,JOB-2026-00991,Data Scientist,Open,2025-04-05,,495,"90+ DAYS",45,3,1,1,2.22
330,JOB-2026-00330,Full Stack Developer,Open,2025-04-08,,492,"90+ DAYS",46,3,2,0,0.00
446,JOB-2026-00446,Business Analyst,On Hold,2025-04-10,,490,"90+ DAYS",0,0,0,0,
230,JOB-2026-00230,DevOps Engineer,On Hold,2025-04-15,,485,"90+ DAYS",0,0,0,0,
46,JOB-2026-00046,ML Engineer,Open,2025-04-16,,484,"90+ DAYS",27,0,0,0,0.00
79,JOB-2026-00079,ML Engineer,Open,2025-04-17,,483,"90+ DAYS",45,1,0,0,0.00
887,JOB-2026-00887,Java Developer,Open,2025-04-17,,483,"90+ DAYS",35,0,3,0,0.00
555,JOB-2026-00555,Senior Java Developer,Open,2025-04-19,,481,"90+ DAYS",52,1,1,3,5.77
676,JOB-2026-00676,Data Analyst,Open,2025-04-24,,476,"90+ DAYS",33,4,1,0,0.00
614,JOB-2026-00614,Full Stack Developer,Open,2025-04-25,,475,"90+ DAYS",51,2,1,1,1.96
604,JOB-2026-00604,Full Stack Developer,Open,2025-04-26,,474,"90+ DAYS",41,0,0,0,0.00
631,JOB-2026-00631,Full Stack Developer,On Hold,2025-04-26,,474,"90+ DAYS",0,0,0,0,
510,JOB-2026-00510,Full Stack Developer,Open,2025-04-28,,472,"90+ DAYS",40,0,2,0,0.00
580,JOB-2026-00580,Java Developer,Open,2025-04-29,,471,"90+ DAYS",45,2,1,0,0.00
924,JOB-2026-00924,Senior Data Analyst,Open,2025-04-29,,471,"90+ DAYS",46,2,2,2,4.35
244,JOB-2026-00244,ML Engineer,Open,2025-04-29,,471,"90+ DAYS",51,1,7,1,1.96
486,JOB-2026-00486,ML Engineer,On Hold,2025-04-30,,470,"90+ DAYS",0,0,0,0,
502,JOB-2026-00502,Senior Data Analyst,Open,2025-05-04,,466,"90+ DAYS",37,2,1,0,0.00
110,JOB-2026-00110,Data Scientist,Open,2025-05-05,,465,"90+ DAYS",55,3,1,0,0.00
488,JOB-2026-00488,AI Engineer,Open,2025-05-13,,457,"90+ DAYS",45,1,1,0,0.00
66,JOB-2026-00066,Full Stack Developer,Open,2025-05-15,,455,"90+ DAYS",44,1,2,1,2.27
239,JOB-2026-00239,Senior Java Developer,Open,2025-05-15,,455,"90+ DAYS",42,1,1,0,0.00
815,JOB-2026-00815,ML Engineer,Open,2025-05-16,,454,"90+ DAYS",49,2,1,0,0.00
405,JOB-2026-00405,Full Stack Developer,Open,2025-05-20,,450,"90+ DAYS",38,3,2,1,2.63
7,JOB-2026-00007,Business Analyst,Open,2025-05-22,,448,"90+ DAYS",59,4,1,1,1.69
869,JOB-2026-00869,Senior Java Developer,Open,2025-05-22,,448,"90+ DAYS",28,0,3,0,0.00
542,JOB-2026-00542,Full Stack Developer,Open,2025-05-23,,447,"90+ DAYS",40,2,1,0,0.00
277,JOB-2026-00277,Business Analyst,Open,2025-05-24,,446,"90+ DAYS",34,3,0,0,0.00
271,JOB-2026-00271,Java Developer,Open,2025-05-26,,444,"90+ DAYS",35,0,1,1,2.86
941,JOB-2026-00941,Data Analyst,On Hold,2025-05-28,,442,"90+ DAYS",0,0,0,0,
73,JOB-2026-00073,Data Scientist,Open,2025-05-29,,441,"90+ DAYS",49,3,1,0,0.00
97,JOB-2026-00097,Data Scientist,On Hold,2025-05-31,,439,"90+ DAYS",0,0,0,0,
653,JOB-2026-00653,Java Developer,Open,2025-06-01,,438,"90+ DAYS",41,1,2,0,0.00
284,JOB-2026-00284,AI Engineer,Open,2025-06-03,,436,"90+ DAYS",46,2,2,2,4.35
197,JOB-2026-00197,AI Engineer,Open,2025-06-04,,435,"90+ DAYS",29,0,1,1,3.45
343,JOB-2026-00343,Senior Java Developer,Open,2025-06-05,,434,"90+ DAYS",42,1,1,1,2.38
47,JOB-2026-00047,Full Stack Developer,On Hold,2025-06-05,,434,"90+ DAYS",0,0,0,0,
831,JOB-2026-00831,AI Engineer,Open,2025-06-06,,433,"90+ DAYS",38,3,2,0,0.00
376,JOB-2026-00376,DevOps Engineer,Open,2025-06-07,,432,"90+ DAYS",53,3,1,0,0.00
141,JOB-2026-00141,AI Engineer,On Hold,2025-06-08,,431,"90+ DAYS",0,0,0,0,
798,JOB-2026-00798,Java Developer,Open,2025-06-09,,430,"90+ DAYS",37,4,0,1,2.70
751,JOB-2026-00751,DevOps Engineer,Open,2025-06-10,,429,"90+ DAYS",42,0,0,1,2.38
96,JOB-2026-00096,Senior Java Developer,Open,2025-06-15,,424,"90+ DAYS",31,1,1,0,0.00
998,JOB-2026-00998,Business Analyst,Open,2025-06-18,,421,"90+ DAYS",31,2,0,0,0.00
38,JOB-2026-00038,AI Engineer,On Hold,2025-06-21,,418,"90+ DAYS",0,0,0,0,
764,JOB-2026-00764,Business Analyst,On Hold,2025-06-22,,417,"90+ DAYS",0,0,0,0,
447,JOB-2026-00447,Senior Data Analyst,Open,2025-06-23,,416,"90+ DAYS",41,1,2,0,0.00
436,JOB-2026-00436,DevOps Engineer,On Hold,2025-06-25,,414,"90+ DAYS",0,0,0,0,
109,JOB-2026-00109,Senior Data Analyst,On Hold,2025-06-26,,413,"90+ DAYS",0,0,0,0,
837,JOB-2026-00837,Business Analyst,On Hold,2025-06-26,,413,"90+ DAYS",0,0,0,0,
519,JOB-2026-00519,Business Analyst,Open,2025-06-29,,410,"90+ DAYS",48,0,2,1,2.08
791,JOB-2026-00791,Data Analyst,Open,2025-06-29,,410,"90+ DAYS",46,3,0,1,2.17
402,JOB-2026-00402,Data Scientist,On Hold,2025-06-30,,409,"90+ DAYS",0,0,0,0,
903,JOB-2026-00903,Data Scientist,Open,2025-07-01,,408,"90+ DAYS",41,4,1,0,0.00
836,JOB-2026-00836,Java Developer,Open,2025-07-01,,408,"90+ DAYS",41,1,0,1,2.44
480,JOB-2026-00480,DevOps Engineer,Open,2025-07-03,,406,"90+ DAYS",44,4,0,0,0.00
164,JOB-2026-00164,Business Analyst,Open,2025-07-04,,405,"90+ DAYS",41,1,3,0,0.00
589,JOB-2026-00589,ML Engineer,On Hold,2025-07-05,,404,"90+ DAYS",0,0,0,0,
212,JOB-2026-00212,Business Analyst,On Hold,2025-07-06,,403,"90+ DAYS",0,0,0,0,
300,JOB-2026-00300,ML Engineer,Open,2025-07-08,,401,"90+ DAYS",60,1,0,0,0.00
942,JOB-2026-00942,Data Analyst,Open,2025-07-10,,399,"90+ DAYS",38,4,0,1,2.63
253,JOB-2026-00253,Senior Java Developer,Open,2025-07-12,,397,"90+ DAYS",51,2,4,0,0.00
624,JOB-2026-00624,Data Scientist,On Hold,2025-07-13,,396,"90+ DAYS",0,0,0,0,
124,JOB-2026-00124,AI Engineer,Open,2025-07-15,,394,"90+ DAYS",43,2,2,0,0.00
132,JOB-2026-00132,Data Scientist,Open,2025-07-17,,392,"90+ DAYS",33,0,0,0,0.00
689,JOB-2026-00689,Senior Java Developer,Open,2025-07-18,,391,"90+ DAYS",46,1,2,0,0.00
846,JOB-2026-00846,DevOps Engineer,Open,2025-07-19,,390,"90+ DAYS",38,3,2,0,0.00
113,JOB-2026-00113,DevOps Engineer,Open,2025-07-21,,388,"90+ DAYS",51,3,1,1,1.96
452,JOB-2026-00452,Senior Java Developer,Open,2025-07-25,,384,"90+ DAYS",21,2,1,0,0.00
128,JOB-2026-00128,ML Engineer,On Hold,2025-07-26,,383,"90+ DAYS",0,0,0,0,
712,JOB-2026-00712,AI Engineer,Open,2025-07-29,,380,"90+ DAYS",52,1,3,1,1.92
879,JOB-2026-00879,Business Analyst,On Hold,2025-07-30,,379,"90+ DAYS",0,0,0,0,
684,JOB-2026-00684,AI Engineer,Open,2025-07-30,,379,"90+ DAYS",30,2,2,0,0.00
400,JOB-2026-00400,ML Engineer,Open,2025-07-31,,378,"90+ DAYS",50,3,1,0,0.00
465,JOB-2026-00465,Full Stack Developer,On Hold,2025-07-31,,378,"90+ DAYS",0,0,0,0,
820,JOB-2026-00820,Full Stack Developer,Open,2025-08-04,,374,"90+ DAYS",45,0,3,0,0.00
785,JOB-2026-00785,Data Scientist,Open,2025-08-05,,373,"90+ DAYS",37,5,0,2,5.41
449,JOB-2026-00449,AI Engineer,Open,2025-08-08,,370,"90+ DAYS",35,3,4,1,2.86
201,JOB-2026-00201,ML Engineer,Open,2025-08-09,,369,"90+ DAYS",34,2,0,0,0.00
328,JOB-2026-00328,Data Scientist,Open,2025-08-16,,362,"90+ DAYS",40,1,0,0,0.00
1,JOB-2026-00001,Senior Data Analyst,Open,2025-08-17,,361,"90+ DAYS",47,1,4,0,0.00
675,JOB-2026-00675,Senior Data Analyst,Open,2025-08-18,,360,"90+ DAYS",42,2,3,0,0.00
620,JOB-2026-00620,ML Engineer,Open,2025-08-18,,360,"90+ DAYS",44,1,1,1,2.27
145,JOB-2026-00145,Data Scientist,Open,2025-08-19,,359,"90+ DAYS",58,3,2,1,1.72
597,JOB-2026-00597,Java Developer,Open,2025-08-20,,358,"90+ DAYS",45,1,3,0,0.00
65,JOB-2026-00065,Business Analyst,Open,2025-08-24,,354,"90+ DAYS",37,2,1,0,0.00
727,JOB-2026-00727,Java Developer,Open,2025-08-29,,349,"90+ DAYS",54,1,2,2,3.70
220,JOB-2026-00220,DevOps Engineer,Open,2025-08-30,,348,"90+ DAYS",37,1,0,0,0.00
173,JOB-2026-00173,Senior Data Analyst,Open,2025-09-02,,345,"90+ DAYS",49,2,0,2,4.08
55,JOB-2026-00055,Full Stack Developer,Open,2025-09-03,,344,"90+ DAYS",37,2,0,0,0.00
945,JOB-2026-00945,Senior Data Analyst,Open,2025-09-05,,342,"90+ DAYS",49,2,3,1,2.04
566,JOB-2026-00566,Data Analyst,On Hold,2025-09-06,,341,"90+ DAYS",0,0,0,0,
647,JOB-2026-00647,ML Engineer,Open,2025-09-08,,339,"90+ DAYS",35,2,1,0,0.00
814,JOB-2026-00814,Full Stack Developer,Open,2025-09-08,,339,"90+ DAYS",37,2,2,0,0.00
754,JOB-2026-00754,ML Engineer,On Hold,2025-09-08,,339,"90+ DAYS",0,0,0,0,
891,JOB-2026-00891,Data Scientist,Open,2025-09-09,,338,"90+ DAYS",39,1,3,0,0.00
126,JOB-2026-00126,ML Engineer,Open,2025-09-10,,337,"90+ DAYS",40,3,1,0,0.00
880,JOB-2026-00880,Data Analyst,Open,2025-09-10,,337,"90+ DAYS",49,1,1,0,0.00
965,JOB-2026-00965,ML Engineer,Open,2025-09-10,,337,"90+ DAYS",48,4,2,0,0.00
746,JOB-2026-00746,ML Engineer,Open,2025-09-11,,336,"90+ DAYS",37,3,0,1,2.70
723,JOB-2026-00723,ML Engineer,Open,2025-09-13,,334,"90+ DAYS",32,1,1,0,0.00
716,JOB-2026-00716,DevOps Engineer,Open,2025-09-13,,334,"90+ DAYS",45,3,0,0,0.00
841,JOB-2026-00841,Senior Data Analyst,Open,2025-09-13,,334,"90+ DAYS",41,0,4,0,0.00
202,JOB-2026-00202,Senior Java Developer,Open,2025-09-13,,334,"90+ DAYS",45,2,1,0,0.00
358,JOB-2026-00358,AI Engineer,Open,2025-09-18,,329,"90+ DAYS",45,3,3,0,0.00
984,JOB-2026-00984,Data Scientist,On Hold,2025-09-19,,328,"90+ DAYS",0,0,0,0,
578,JOB-2026-00578,Java Developer,On Hold,2025-09-21,,326,"90+ DAYS",0,0,0,0,
777,JOB-2026-00777,ML Engineer,Open,2025-09-22,,325,"90+ DAYS",45,0,2,0,0.00
44,JOB-2026-00044,DevOps Engineer,Open,2025-10-05,,312,"90+ DAYS",47,2,4,1,2.13
193,JOB-2026-00193,Senior Data Analyst,Open,2025-10-06,,311,"90+ DAYS",55,4,4,1,1.82
365,JOB-2026-00365,DevOps Engineer,Open,2025-10-07,,310,"90+ DAYS",48,1,2,0,0.00
775,JOB-2026-00775,Java Developer,On Hold,2025-10-07,,310,"90+ DAYS",0,0,0,0,
983,JOB-2026-00983,Data Scientist,Open,2025-10-10,,307,"90+ DAYS",57,5,6,0,0.00
741,JOB-2026-00741,Full Stack Developer,Open,2025-10-13,,304,"90+ DAYS",47,1,2,1,2.13
853,JOB-2026-00853,Senior Java Developer,Open,2025-10-14,,303,"90+ DAYS",39,3,2,0,0.00
737,JOB-2026-00737,Full Stack Developer,Open,2025-10-14,,303,"90+ DAYS",41,1,3,1,2.44
908,JOB-2026-00908,AI Engineer,Open,2025-10-16,,301,"90+ DAYS",33,2,0,0,0.00
641,JOB-2026-00641,Senior Data Analyst,Open,2025-10-17,,300,"90+ DAYS",47,1,0,0,0.00
958,JOB-2026-00958,Senior Data Analyst,Open,2025-10-23,,294,"90+ DAYS",49,0,1,0,0.00
174,JOB-2026-00174,Data Scientist,Open,2025-10-23,,294,"90+ DAYS",38,3,1,0,0.00
750,JOB-2026-00750,Data Scientist,Open,2025-10-25,,292,"90+ DAYS",31,0,2,0,0.00
272,JOB-2026-00272,DevOps Engineer,Open,2025-10-25,,292,"90+ DAYS",41,4,2,0,0.00
809,JOB-2026-00809,AI Engineer,Open,2025-10-26,,291,"90+ DAYS",42,3,1,1,2.38
993,JOB-2026-00993,Full Stack Developer,Open,2025-10-26,,291,"90+ DAYS",43,1,2,0,0.00
168,JOB-2026-00168,Java Developer,Open,2025-10-30,,287,"90+ DAYS",39,2,0,0,0.00
808,JOB-2026-00808,Full Stack Developer,Open,2025-10-30,,287,"90+ DAYS",40,3,2,1,2.50
409,JOB-2026-00409,Senior Java Developer,On Hold,2025-10-30,,287,"90+ DAYS",0,0,0,0,
759,JOB-2026-00759,DevOps Engineer,On Hold,2025-10-31,,286,"90+ DAYS",0,0,0,0,
156,JOB-2026-00156,Data Scientist,Open,2025-11-03,,283,"90+ DAYS",29,1,0,0,0.00
556,JOB-2026-00556,Data Analyst,On Hold,2025-11-05,,281,"90+ DAYS",0,0,0,0,
901,JOB-2026-00901,Business Analyst,On Hold,2025-11-06,,280,"90+ DAYS",0,0,0,0,
753,JOB-2026-00753,Java Developer,Open,2025-11-06,,280,"90+ DAYS",44,2,1,0,0.00
497,JOB-2026-00497,DevOps Engineer,On Hold,2025-11-08,,278,"90+ DAYS",0,0,0,0,
612,JOB-2026-00612,Data Analyst,On Hold,2025-11-10,,276,"90+ DAYS",0,0,0,0,
627,JOB-2026-00627,Full Stack Developer,Open,2025-11-11,,275,"90+ DAYS",40,4,2,1,2.50
470,JOB-2026-00470,ML Engineer,Open,2025-11-17,,269,"90+ DAYS",48,4,1,0,0.00
962,JOB-2026-00962,Senior Data Analyst,Open,2025-11-17,,269,"90+ DAYS",55,4,7,2,3.64
591,JOB-2026-00591,Data Scientist,Open,2025-11-18,,268,"90+ DAYS",52,1,1,0,0.00
672,JOB-2026-00672,Senior Data Analyst,Open,2025-11-22,,264,"90+ DAYS",24,1,2,1,4.17
800,JOB-2026-00800,AI Engineer,Open,2025-11-24,,262,"90+ DAYS",48,1,3,0,0.00
613,JOB-2026-00613,ML Engineer,Open,2025-11-24,,262,"90+ DAYS",49,2,2,1,2.04
130,JOB-2026-00130,Full Stack Developer,Open,2025-11-25,,261,"90+ DAYS",46,3,3,0,0.00
313,JOB-2026-00313,ML Engineer,Open,2025-11-25,,261,"90+ DAYS",29,4,2,0,0.00
237,JOB-2026-00237,AI Engineer,Open,2025-11-26,,260,"90+ DAYS",40,6,2,0,0.00
349,JOB-2026-00349,AI Engineer,On Hold,2025-11-28,,258,"90+ DAYS",0,0,0,0,
160,JOB-2026-00160,DevOps Engineer,Open,2025-11-29,,257,"90+ DAYS",45,1,3,0,0.00
575,JOB-2026-00575,Java Developer,Open,2025-11-30,,256,"90+ DAYS",42,1,1,3,7.14
728,JOB-2026-00728,Senior Java Developer,Open,2025-12-01,,255,"90+ DAYS",34,0,1,1,2.94
915,JOB-2026-00915,Java Developer,On Hold,2025-12-01,,255,"90+ DAYS",0,0,0,0,
882,JOB-2026-00882,Full Stack Developer,Open,2025-12-02,,254,"90+ DAYS",53,2,2,3,5.66
499,JOB-2026-00499,DevOps Engineer,Open,2025-12-02,,254,"90+ DAYS",43,3,5,1,2.33
273,JOB-2026-00273,AI Engineer,Open,2025-12-03,,253,"90+ DAYS",42,2,2,0,0.00
559,JOB-2026-00559,AI Engineer,Open,2025-12-03,,253,"90+ DAYS",32,2,2,1,3.13
267,JOB-2026-00267,Senior Data Analyst,Open,2025-12-06,,250,"90+ DAYS",49,1,0,0,0.00
147,JOB-2026-00147,DevOps Engineer,Open,2025-12-07,,249,"90+ DAYS",44,4,0,0,0.00
583,JOB-2026-00583,ML Engineer,Open,2025-12-08,,248,"90+ DAYS",44,2,2,0,0.00
33,JOB-2026-00033,Senior Data Analyst,Open,2025-12-10,,246,"90+ DAYS",44,1,1,1,2.27
923,JOB-2026-00923,AI Engineer,Open,2025-12-13,,243,"90+ DAYS",47,3,2,0,0.00
67,JOB-2026-00067,Data Scientist,On Hold,2025-12-13,,243,"90+ DAYS",0,0,0,0,
14,JOB-2026-00014,Data Analyst,Open,2025-12-14,,242,"90+ DAYS",39,3,2,0,0.00
898,JOB-2026-00898,Full Stack Developer,Open,2025-12-14,,242,"90+ DAYS",44,1,0,1,2.27
748,JOB-2026-00748,Data Analyst,Open,2025-12-14,,242,"90+ DAYS",52,1,3,1,1.92
733,JOB-2026-00733,Data Scientist,Open,2025-12-16,,240,"90+ DAYS",38,3,1,1,2.63
215,JOB-2026-00215,Java Developer,Open,2025-12-17,,239,"90+ DAYS",40,6,2,1,2.50
443,JOB-2026-00443,Full Stack Developer,Open,2025-12-18,,238,"90+ DAYS",44,5,4,0,0.00
630,JOB-2026-00630,Senior Java Developer,On Hold,2025-12-23,,233,"90+ DAYS",0,0,0,0,
214,JOB-2026-00214,Data Scientist,Open,2025-12-26,,230,"90+ DAYS",44,1,2,0,0.00
968,JOB-2026-00968,Senior Java Developer,Open,2025-12-28,,228,"90+ DAYS",39,2,5,0,0.00
822,JOB-2026-00822,Data Analyst,On Hold,2025-12-29,,227,"90+ DAYS",0,0,0,0,
670,JOB-2026-00670,Data Scientist,Open,2026-01-02,,223,"90+ DAYS",58,3,0,0,0.00
539,JOB-2026-00539,AI Engineer,Open,2026-01-04,,221,"90+ DAYS",47,2,1,0,0.00
93,JOB-2026-00093,DevOps Engineer,Open,2026-01-06,,219,"90+ DAYS",50,2,1,1,2.00
633,JOB-2026-00633,AI Engineer,On Hold,2026-01-06,,219,"90+ DAYS",0,0,0,0,
10,JOB-2026-00010,Java Developer,Open,2026-01-07,,218,"90+ DAYS",31,1,2,0,0.00
135,JOB-2026-00135,ML Engineer,Open,2026-01-12,,213,"90+ DAYS",32,2,0,0,0.00
878,JOB-2026-00878,DevOps Engineer,Open,2026-01-15,,210,"90+ DAYS",37,2,2,1,2.70
639,JOB-2026-00639,Senior Java Developer,Open,2026-01-16,,209,"90+ DAYS",41,2,2,0,0.00
927,JOB-2026-00927,Business Analyst,Open,2026-01-19,,206,"90+ DAYS",44,2,2,0,0.00
743,JOB-2026-00743,Data Analyst,Open,2026-01-21,,204,"90+ DAYS",43,0,3,1,2.33
81,JOB-2026-00081,Data Analyst,Open,2026-01-21,,204,"90+ DAYS",41,3,3,1,2.44
571,JOB-2026-00571,Data Scientist,Open,2026-01-22,,203,"90+ DAYS",35,7,3,0,0.00
573,JOB-2026-00573,Java Developer,On Hold,2026-01-23,,202,"90+ DAYS",0,0,0,0,
442,JOB-2026-00442,Senior Data Analyst,Open,2026-01-27,,198,"90+ DAYS",44,2,1,1,2.27
58,JOB-2026-00058,Java Developer,Open,2026-01-28,,197,"90+ DAYS",43,3,2,2,4.65
205,JOB-2026-00205,Full Stack Developer,Open,2026-01-28,,197,"90+ DAYS",41,4,1,0,0.00
117,JOB-2026-00117,Data Scientist,Open,2026-01-29,,196,"90+ DAYS",43,0,2,0,0.00
255,JOB-2026-00255,Business Analyst,On Hold,2026-01-29,,196,"90+ DAYS",0,0,0,0,
459,JOB-2026-00459,Senior Data Analyst,On Hold,2026-02-02,,192,"90+ DAYS",0,0,0,0,
171,JOB-2026-00171,AI Engineer,Open,2026-02-03,,191,"90+ DAYS",49,0,3,0,0.00
509,JOB-2026-00509,Data Scientist,Open,2026-02-04,,190,"90+ DAYS",56,2,2,2,3.57
340,JOB-2026-00340,ML Engineer,Open,2026-02-07,,187,"90+ DAYS",48,0,1,0,0.00
974,JOB-2026-00974,Data Analyst,Open,2026-02-08,,186,"90+ DAYS",38,3,0,0,0.00
637,JOB-2026-00637,Data Scientist,On Hold,2026-02-10,,184,"90+ DAYS",0,0,0,0,
680,JOB-2026-00680,Senior Java Developer,Open,2026-02-14,,180,"90+ DAYS",31,0,0,0,0.00
245,JOB-2026-00245,Java Developer,Open,2026-02-15,,179,"90+ DAYS",41,2,2,0,0.00
293,JOB-2026-00293,AI Engineer,Open,2026-02-18,,176,"90+ DAYS",40,1,2,1,2.50
441,JOB-2026-00441,Senior Java Developer,Open,2026-02-19,,175,"90+ DAYS",46,3,2,1,2.17
937,JOB-2026-00937,Data Scientist,Open,2026-02-22,,172,"90+ DAYS",31,3,2,0,0.00
322,JOB-2026-00322,DevOps Engineer,Open,2026-02-24,,170,"90+ DAYS",33,2,1,1,3.03
247,JOB-2026-00247,Data Scientist,Open,2026-02-26,,168,"90+ DAYS",41,2,1,0,0.00
659,JOB-2026-00659,ML Engineer,Open,2026-03-01,,165,"90+ DAYS",36,2,3,1,2.78
702,JOB-2026-00702,Senior Java Developer,Open,2026-03-03,,163,"90+ DAYS",29,2,2,1,3.45
195,JOB-2026-00195,Senior Java Developer,Open,2026-03-03,,163,"90+ DAYS",41,0,1,1,2.44
839,JOB-2026-00839,Data Analyst,On Hold,2026-03-06,,160,"90+ DAYS",0,0,0,0,
521,JOB-2026-00521,Data Analyst,Open,2026-03-07,,159,"90+ DAYS",46,7,2,0,0.00
848,JOB-2026-00848,Senior Java Developer,Open,2026-03-08,,158,"90+ DAYS",41,0,2,0,0.00
765,JOB-2026-00765,Data Analyst,Open,2026-03-12,,154,"90+ DAYS",40,1,1,0,0.00
476,JOB-2026-00476,Data Scientist,On Hold,2026-03-19,,147,"90+ DAYS",0,0,0,0,
905,JOB-2026-00905,Data Scientist,Open,2026-03-20,,146,"90+ DAYS",42,1,0,0,0.00
248,JOB-2026-00248,Java Developer,Open,2026-03-20,,146,"90+ DAYS",54,3,4,2,3.70
782,JOB-2026-00782,Senior Data Analyst,Open,2026-03-24,,142,"90+ DAYS",49,0,3,0,0.00
806,JOB-2026-00806,Business Analyst,Open,2026-03-26,,140,"90+ DAYS",37,3,0,1,2.70
137,JOB-2026-00137,Data Scientist,Open,2026-03-29,,137,"90+ DAYS",44,1,2,0,0.00
826,JOB-2026-00826,Data Scientist,Open,2026-04-02,,133,"90+ DAYS",43,1,0,0,0.00
213,JOB-2026-00213,Java Developer,Open,2026-04-03,,132,"90+ DAYS",45,3,2,0,0.00
250,JOB-2026-00250,Business Analyst,On Hold,2026-04-03,,132,"90+ DAYS",0,0,0,0,
43,JOB-2026-00043,AI Engineer,Open,2026-04-04,,131,"90+ DAYS",46,1,1,0,0.00
484,JOB-2026-00484,Full Stack Developer,Open,2026-04-06,,129,"90+ DAYS",55,2,2,0,0.00
306,JOB-2026-00306,Java Developer,Open,2026-04-07,,128,"90+ DAYS",40,3,1,0,0.00
143,JOB-2026-00143,DevOps Engineer,Filled,2025-11-23,2026-03-22,119,"90+ DAYS",40,4,1,0,0.00
275,JOB-2026-00275,DevOps Engineer,Filled,2025-03-19,2025-07-16,119,"90+ DAYS",50,1,2,1,2.00
231,JOB-2026-00231,ML Engineer,Filled,2025-06-03,2025-09-29,118,"90+ DAYS",38,2,1,0,0.00
849,JOB-2026-00849,Senior Data Analyst,Filled,2025-05-28,2025-09-23,118,"90+ DAYS",37,2,1,0,0.00
714,JOB-2026-00714,Senior Java Developer,Filled,2025-01-22,2025-05-20,118,"90+ DAYS",43,3,2,0,0.00
827,JOB-2026-00827,Business Analyst,Closed,2025-05-03,2025-08-29,118,"90+ DAYS",47,2,1,0,0.00
478,JOB-2026-00478,Data Scientist,Closed,2025-03-27,2025-07-22,117,"90+ DAYS",41,0,0,0,0.00
341,JOB-2026-00341,Full Stack Developer,Closed,2026-10-31,2027-02-25,117,"90+ DAYS",0,0,0,0,
252,JOB-2026-00252,Full Stack Developer,Filled,2025-01-03,2025-04-30,117,"90+ DAYS",40,1,1,0,0.00
842,JOB-2026-00842,Java Developer,Filled,2026-08-17,2026-12-12,117,"90+ DAYS",0,0,0,0,
386,JOB-2026-00386,Senior Data Analyst,Open,2026-04-18,,117,"90+ DAYS",38,2,1,1,2.63
54,JOB-2026-00054,Senior Java Developer,Open,2026-04-19,,116,"90+ DAYS",29,2,0,0,0.00
658,JOB-2026-00658,Full Stack Developer,Closed,2025-07-20,2025-11-13,116,"90+ DAYS",37,0,0,1,2.70
5,JOB-2026-00005,Data Scientist,On Hold,2026-04-19,,116,"90+ DAYS",0,0,0,0,
461,JOB-2026-00461,Java Developer,Filled,2026-10-19,2027-02-12,116,"90+ DAYS",0,0,0,0,
406,JOB-2026-00406,Full Stack Developer,Filled,2025-12-18,2026-04-13,116,"90+ DAYS",38,3,0,0,0.00
745,JOB-2026-00745,Full Stack Developer,Closed,2025-08-26,2025-12-20,116,"90+ DAYS",39,1,0,1,2.56
357,JOB-2026-00357,Business Analyst,Closed,2025-01-02,2025-04-28,116,"90+ DAYS",47,0,4,2,4.26
207,JOB-2026-00207,AI Engineer,Closed,2026-11-04,2027-02-28,116,"90+ DAYS",0,0,0,0,
483,JOB-2026-00483,Data Analyst,Filled,2026-10-28,2027-02-21,116,"90+ DAYS",0,0,0,0,
876,JOB-2026-00876,Senior Data Analyst,Closed,2026-09-17,2027-01-10,115,"90+ DAYS",0,0,0,0,
101,JOB-2026-00101,Senior Java Developer,Closed,2026-01-05,2026-04-30,115,"90+ DAYS",40,3,0,0,0.00
422,JOB-2026-00422,Senior Data Analyst,Closed,2026-10-19,2027-02-11,115,"90+ DAYS",0,0,0,0,
433,JOB-2026-00433,AI Engineer,Filled,2025-05-14,2025-09-06,115,"90+ DAYS",48,0,1,1,2.08
904,JOB-2026-00904,Business Analyst,Filled,2026-10-04,2027-01-27,115,"90+ DAYS",0,0,0,0,
392,JOB-2026-00392,DevOps Engineer,Filled,2026-03-23,2026-07-16,115,"90+ DAYS",32,0,3,0,0.00
747,JOB-2026-00747,Full Stack Developer,Closed,2025-01-30,2025-05-25,115,"90+ DAYS",36,4,0,1,2.78
346,JOB-2026-00346,Business Analyst,Filled,2026-07-04,2026-10-27,115,"90+ DAYS",28,2,1,1,3.57
332,JOB-2026-00332,Senior Java Developer,Closed,2026-06-01,2026-09-24,115,"90+ DAYS",39,0,2,0,0.00
540,JOB-2026-00540,Business Analyst,Filled,2025-01-09,2025-05-04,115,"90+ DAYS",27,3,1,0,0.00
435,JOB-2026-00435,Data Scientist,Filled,2025-12-23,2026-04-16,114,"90+ DAYS",41,4,2,0,0.00
321,JOB-2026-00321,Full Stack Developer,Filled,2025-07-09,2025-10-31,114,"90+ DAYS",37,2,2,0,0.00
956,JOB-2026-00956,Senior Java Developer,Filled,2025-03-09,2025-07-01,114,"90+ DAYS",40,4,2,0,0.00
794,JOB-2026-00794,Data Analyst,Filled,2025-08-09,2025-12-01,114,"90+ DAYS",44,2,2,0,0.00
622,JOB-2026-00622,Data Analyst,Closed,2025-06-30,2025-10-22,114,"90+ DAYS",49,0,1,2,4.08
236,JOB-2026-00236,Full Stack Developer,Filled,2026-08-14,2026-12-06,114,"90+ DAYS",0,0,0,0,
399,JOB-2026-00399,Full Stack Developer,Filled,2025-05-17,2025-09-08,114,"90+ DAYS",30,0,0,0,0.00
337,JOB-2026-00337,ML Engineer,Open,2026-04-22,,113,"90+ DAYS",52,5,4,1,1.92
294,JOB-2026-00294,ML Engineer,Closed,2026-12-12,2027-04-04,113,"90+ DAYS",0,0,0,0,
643,JOB-2026-00643,Data Scientist,Filled,2026-06-13,2026-10-04,113,"90+ DAYS",30,2,0,0,0.00
139,JOB-2026-00139,Data Analyst,Filled,2025-10-21,2026-02-11,113,"90+ DAYS",40,1,3,0,0.00
530,JOB-2026-00530,Data Analyst,Closed,2026-10-01,2027-01-22,113,"90+ DAYS",0,0,0,0,
158,JOB-2026-00158,DevOps Engineer,Closed,2026-11-28,2027-03-21,113,"90+ DAYS",0,0,0,0,
504,JOB-2026-00504,Java Developer,Filled,2025-05-16,2025-09-05,112,"90+ DAYS",46,0,4,0,0.00
679,JOB-2026-00679,Full Stack Developer,Filled,2026-08-28,2026-12-18,112,"90+ DAYS",0,0,0,0,
388,JOB-2026-00388,Business Analyst,Closed,2025-03-30,2025-07-20,112,"90+ DAYS",37,2,3,0,0.00
159,JOB-2026-00159,Senior Java Developer,Closed,2025-04-04,2025-07-25,112,"90+ DAYS",41,2,2,1,2.44
616,JOB-2026-00616,Full Stack Developer,Filled,2026-09-26,2027-01-16,112,"90+ DAYS",0,0,0,0,
531,JOB-2026-00531,Data Analyst,Filled,2025-10-25,2026-02-14,112,"90+ DAYS",44,1,4,0,0.00
523,JOB-2026-00523,Java Developer,Filled,2025-08-31,2025-12-21,112,"90+ DAYS",43,4,1,0,0.00
623,JOB-2026-00623,Full Stack Developer,Filled,2025-07-28,2025-11-16,111,"90+ DAYS",54,0,2,0,0.00
434,JOB-2026-00434,Data Analyst,Filled,2025-02-14,2025-06-05,111,"90+ DAYS",47,4,1,0,0.00
383,JOB-2026-00383,DevOps Engineer,Filled,2025-05-29,2025-09-17,111,"90+ DAYS",37,2,2,0,0.00
506,JOB-2026-00506,DevOps Engineer,Closed,2026-08-14,2026-12-03,111,"90+ DAYS",0,0,0,0,
320,JOB-2026-00320,Data Scientist,On Hold,2026-04-25,,110,"90+ DAYS",0,0,0,0,
316,JOB-2026-00316,AI Engineer,Filled,2025-11-27,2026-03-17,110,"90+ DAYS",55,4,2,0,0.00
104,JOB-2026-00104,Java Developer,Filled,2025-05-08,2025-08-26,110,"90+ DAYS",42,2,2,0,0.00
472,JOB-2026-00472,Data Scientist,Filled,2025-07-28,2025-11-15,110,"90+ DAYS",52,4,4,0,0.00
327,JOB-2026-00327,Java Developer,Filled,2026-07-13,2026-10-31,110,"90+ DAYS",42,1,2,0,0.00
188,JOB-2026-00188,ML Engineer,Closed,2025-07-30,2025-11-17,110,"90+ DAYS",46,4,3,0,0.00
731,JOB-2026-00731,Business Analyst,Closed,2025-09-06,2025-12-25,110,"90+ DAYS",46,0,0,1,2.17
74,JOB-2026-00074,Data Analyst,Closed,2025-05-10,2025-08-28,110,"90+ DAYS",49,4,0,1,2.04
438,JOB-2026-00438,Data Analyst,Closed,2025-04-29,2025-08-16,109,"90+ DAYS",44,0,4,0,0.00
411,JOB-2026-00411,Business Analyst,Filled,2026-12-03,2027-03-22,109,"90+ DAYS",0,0,0,0,
462,JOB-2026-00462,DevOps Engineer,Closed,2026-12-04,2027-03-23,109,"90+ DAYS",0,0,0,0,
380,JOB-2026-00380,Data Analyst,Open,2026-04-26,,109,"90+ DAYS",53,5,3,0,0.00
564,JOB-2026-00564,Full Stack Developer,On Hold,2026-04-26,,109,"90+ DAYS",0,0,0,0,
568,JOB-2026-00568,ML Engineer,Closed,2026-08-24,2026-12-10,108,"90+ DAYS",0,0,0,0,
140,JOB-2026-00140,DevOps Engineer,Closed,2025-07-02,2025-10-18,108,"90+ DAYS",45,4,1,0,0.00
119,JOB-2026-00119,Full Stack Developer,Filled,2025-04-21,2025-08-07,108,"90+ DAYS",45,2,1,0,0.00
812,JOB-2026-00812,Java Developer,Filled,2025-08-18,2025-12-04,108,"90+ DAYS",44,2,2,0,0.00
736,JOB-2026-00736,Java Developer,Filled,2026-03-23,2026-07-09,108,"90+ DAYS",53,1,1,1,1.89
408,JOB-2026-00408,Data Analyst,Open,2026-04-27,,108,"90+ DAYS",49,1,7,1,2.04
342,JOB-2026-00342,Data Scientist,Closed,2025-11-22,2026-03-09,107,"90+ DAYS",37,3,1,0,0.00
496,JOB-2026-00496,Senior Java Developer,Closed,2025-02-07,2025-05-25,107,"90+ DAYS",40,2,2,0,0.00
35,JOB-2026-00035,Senior Java Developer,Filled,2025-12-11,2026-03-28,107,"90+ DAYS",49,4,4,1,2.04
668,JOB-2026-00668,ML Engineer,Filled,2026-08-25,2026-12-10,107,"90+ DAYS",0,0,0,0,
969,JOB-2026-00969,Data Analyst,Closed,2026-01-04,2026-04-21,107,"90+ DAYS",49,1,3,1,2.04
233,JOB-2026-00233,DevOps Engineer,Open,2026-04-28,,107,"90+ DAYS",45,1,0,0,0.00
319,JOB-2026-00319,DevOps Engineer,Closed,2025-07-17,2025-11-01,107,"90+ DAYS",23,1,1,0,0.00
487,JOB-2026-00487,AI Engineer,Filled,2026-11-04,2027-02-19,107,"90+ DAYS",0,0,0,0,
735,JOB-2026-00735,DevOps Engineer,Closed,2025-05-11,2025-08-25,106,"90+ DAYS",43,1,3,0,0.00
431,JOB-2026-00431,DevOps Engineer,Filled,2026-09-21,2027-01-05,106,"90+ DAYS",0,0,0,0,
585,JOB-2026-00585,DevOps Engineer,Filled,2025-11-28,2026-03-13,105,"90+ DAYS",50,0,1,0,0.00
289,JOB-2026-00289,Senior Data Analyst,Filled,2025-12-13,2026-03-28,105,"90+ DAYS",37,2,0,0,0.00
949,JOB-2026-00949,Business Analyst,Closed,2026-05-24,2026-09-06,105,"90+ DAYS",37,3,3,0,0.00
490,JOB-2026-00490,Data Analyst,Filled,2026-12-08,2027-03-23,105,"90+ DAYS",0,0,0,0,
291,JOB-2026-00291,AI Engineer,Closed,2025-07-19,2025-10-31,104,"90+ DAYS",34,2,1,0,0.00
181,JOB-2026-00181,Full Stack Developer,Filled,2025-04-06,2025-07-19,104,"90+ DAYS",46,2,3,2,4.35
42,JOB-2026-00042,Data Scientist,Filled,2025-09-22,2026-01-04,104,"90+ DAYS",41,2,0,0,0.00
698,JOB-2026-00698,Java Developer,Filled,2026-11-22,2027-03-06,104,"90+ DAYS",0,0,0,0,
310,JOB-2026-00310,Data Analyst,Closed,2025-12-19,2026-04-01,103,"90+ DAYS",26,0,1,1,3.85
940,JOB-2026-00940,DevOps Engineer,Filled,2025-08-13,2025-11-24,103,"90+ DAYS",37,1,0,0,0.00
224,JOB-2026-00224,Java Developer,Open,2026-05-02,,103,"90+ DAYS",40,4,2,1,2.50
450,JOB-2026-00450,ML Engineer,Open,2026-05-02,,103,"90+ DAYS",32,2,0,0,0.00
299,JOB-2026-00299,Senior Java Developer,Closed,2025-05-04,2025-08-15,103,"90+ DAYS",28,1,0,0,0.00
593,JOB-2026-00593,Business Analyst,Closed,2025-12-27,2026-04-09,103,"90+ DAYS",38,4,2,0,0.00
695,JOB-2026-00695,Full Stack Developer,Closed,2026-03-24,2026-07-05,103,"90+ DAYS",48,2,0,1,2.08
957,JOB-2026-00957,DevOps Engineer,Closed,2026-04-27,2026-08-08,103,"90+ DAYS",49,4,0,1,2.04
189,JOB-2026-00189,Data Analyst,Closed,2026-02-01,2026-05-14,102,"90+ DAYS",52,1,3,0,0.00
266,JOB-2026-00266,DevOps Engineer,Filled,2025-08-04,2025-11-14,102,"90+ DAYS",43,4,0,0,0.00
182,JOB-2026-00182,ML Engineer,Filled,2025-05-14,2025-08-24,102,"90+ DAYS",34,1,0,0,0.00
552,JOB-2026-00552,Data Analyst,Filled,2026-01-02,2026-04-13,101,"90+ DAYS",45,4,1,1,2.22
602,JOB-2026-00602,Senior Java Developer,Filled,2026-05-07,2026-08-16,101,"90+ DAYS",37,2,2,0,0.00
980,JOB-2026-00980,ML Engineer,Open,2026-05-04,,101,"90+ DAYS",40,2,0,0,0.00
482,JOB-2026-00482,Senior Java Developer,Closed,2025-11-07,2026-02-16,101,"90+ DAYS",37,1,2,1,2.70
286,JOB-2026-00286,Senior Data Analyst,Open,2026-05-04,,101,"90+ DAYS",39,2,3,0,0.00
943,JOB-2026-00943,AI Engineer,Closed,2026-05-05,2026-08-14,101,"90+ DAYS",34,4,1,1,2.94
107,JOB-2026-00107,AI Engineer,Filled,2026-01-28,2026-05-09,101,"90+ DAYS",38,1,2,0,0.00
642,JOB-2026-00642,Data Scientist,Open,2026-05-04,,101,"90+ DAYS",49,2,1,0,0.00
950,JOB-2026-00950,DevOps Engineer,Filled,2025-03-08,2025-06-16,100,"90+ DAYS",44,1,1,0,0.00
893,JOB-2026-00893,DevOps Engineer,Closed,2025-01-25,2025-05-05,100,"90+ DAYS",41,1,2,0,0.00
418,JOB-2026-00418,Data Scientist,Filled,2025-07-06,2025-10-14,100,"90+ DAYS",43,2,0,0,0.00
953,JOB-2026-00953,Full Stack Developer,Open,2026-05-05,,100,"90+ DAYS",61,1,1,0,0.00
797,JOB-2026-00797,Full Stack Developer,Closed,2026-11-21,2027-02-28,99,"90+ DAYS",0,0,0,0,
364,JOB-2026-00364,Data Analyst,Closed,2026-04-24,2026-08-01,99,"90+ DAYS",39,3,3,2,5.13
297,JOB-2026-00297,AI Engineer,Filled,2025-04-20,2025-07-28,99,"90+ DAYS",47,1,1,0,0.00
874,JOB-2026-00874,Full Stack Developer,Filled,2026-01-02,2026-04-11,99,"90+ DAYS",38,1,1,0,0.00
884,JOB-2026-00884,Senior Java Developer,Filled,2025-05-27,2025-09-03,99,"90+ DAYS",25,1,2,1,4.00
692,JOB-2026-00692,ML Engineer,Closed,2026-05-16,2026-08-23,99,"90+ DAYS",34,1,0,0,0.00
210,JOB-2026-00210,Data Scientist,Closed,2026-06-23,2026-09-30,99,"90+ DAYS",40,0,1,0,0.00
608,JOB-2026-00608,Java Developer,Open,2026-05-06,,99,"90+ DAYS",43,1,0,1,2.33
163,JOB-2026-00163,ML Engineer,On Hold,2026-05-06,,99,"90+ DAYS",0,0,0,0,
333,JOB-2026-00333,Senior Java Developer,Closed,2026-05-08,2026-08-14,98,"90+ DAYS",48,2,2,0,0.00
52,JOB-2026-00052,Business Analyst,Closed,2026-08-14,2026-11-20,98,"90+ DAYS",0,0,0,0,
520,JOB-2026-00520,Data Analyst,Filled,2026-04-10,2026-07-17,98,"90+ DAYS",49,4,3,0,0.00
98,JOB-2026-00098,Senior Java Developer,Filled,2025-01-29,2025-05-07,98,"90+ DAYS",35,1,3,0,0.00
835,JOB-2026-00835,Senior Java Developer,Closed,2026-01-05,2026-04-13,98,"90+ DAYS",43,1,3,3,6.98
569,JOB-2026-00569,Data Scientist,Closed,2025-03-13,2025-06-19,98,"90+ DAYS",40,1,2,0,0.00
929,JOB-2026-00929,Business Analyst,Closed,2026-08-31,2026-12-06,97,"90+ DAYS",0,0,0,0,
359,JOB-2026-00359,Data Scientist,Filled,2026-11-20,2027-02-25,97,"90+ DAYS",0,0,0,0,
625,JOB-2026-00625,Business Analyst,Closed,2025-03-15,2025-06-20,97,"90+ DAYS",47,4,2,0,0.00
505,JOB-2026-00505,AI Engineer,Filled,2025-02-16,2025-05-24,97,"90+ DAYS",53,4,3,0,0.00
71,JOB-2026-00071,Full Stack Developer,Closed,2025-04-12,2025-07-18,97,"90+ DAYS",41,1,0,0,0.00
6,JOB-2026-00006,ML Engineer,Closed,2025-11-19,2026-02-24,97,"90+ DAYS",46,2,1,1,2.17
843,JOB-2026-00843,Senior Java Developer,Open,2026-05-08,,97,"90+ DAYS",41,0,2,0,0.00
190,JOB-2026-00190,Senior Java Developer,Closed,2026-03-02,2026-06-06,96,"90+ DAYS",24,1,1,0,0.00
688,JOB-2026-00688,Java Developer,Closed,2025-04-26,2025-07-31,96,"90+ DAYS",43,1,4,0,0.00
180,JOB-2026-00180,Full Stack Developer,Closed,2026-10-05,2027-01-09,96,"90+ DAYS",0,0,0,0,
795,JOB-2026-00795,Data Analyst,Filled,2025-10-01,2026-01-05,96,"90+ DAYS",56,5,2,1,1.79
234,JOB-2026-00234,Java Developer,Closed,2025-10-29,2026-02-02,96,"90+ DAYS",48,4,0,1,2.08
562,JOB-2026-00562,AI Engineer,Closed,2025-09-12,2025-12-17,96,"90+ DAYS",47,2,4,0,0.00
828,JOB-2026-00828,Senior Java Developer,Closed,2026-07-06,2026-10-10,96,"90+ DAYS",50,2,0,1,2.00
375,JOB-2026-00375,Java Developer,Closed,2025-08-29,2025-12-02,95,"90+ DAYS",50,1,1,0,0.00
151,JOB-2026-00151,Data Analyst,Closed,2026-11-16,2027-02-19,95,"90+ DAYS",0,0,0,0,
88,JOB-2026-00088,Business Analyst,Closed,2025-06-04,2025-09-07,95,"90+ DAYS",34,2,1,1,2.94
894,JOB-2026-00894,AI Engineer,Closed,2025-11-20,2026-02-23,95,"90+ DAYS",44,3,1,2,4.55
823,JOB-2026-00823,Senior Java Developer,Filled,2026-07-28,2026-10-30,94,"90+ DAYS",51,3,4,1,1.96
709,JOB-2026-00709,DevOps Engineer,Closed,2026-08-08,2026-11-10,94,"90+ DAYS",0,0,0,0,
646,JOB-2026-00646,Senior Data Analyst,Closed,2026-01-08,2026-04-12,94,"90+ DAYS",38,4,0,0,0.00
525,JOB-2026-00525,Business Analyst,Filled,2026-01-29,2026-05-03,94,"90+ DAYS",51,4,1,0,0.00
574,JOB-2026-00574,Data Analyst,Closed,2025-10-14,2026-01-16,94,"90+ DAYS",46,3,2,0,0.00
85,JOB-2026-00085,Senior Java Developer,Filled,2025-01-22,2025-04-26,94,"90+ DAYS",47,1,2,0,0.00
222,JOB-2026-00222,Senior Java Developer,Filled,2026-06-17,2026-09-19,94,"90+ DAYS",28,2,1,0,0.00
477,JOB-2026-00477,Full Stack Developer,Filled,2026-03-10,2026-06-11,93,"90+ DAYS",41,3,2,0,0.00
48,JOB-2026-00048,Full Stack Developer,Filled,2026-03-16,2026-06-17,93,"90+ DAYS",39,1,0,0,0.00
211,JOB-2026-00211,Senior Java Developer,Filled,2025-06-28,2025-09-29,93,"90+ DAYS",43,1,0,0,0.00
338,JOB-2026-00338,DevOps Engineer,Open,2026-05-12,,93,"90+ DAYS",49,3,3,0,0.00
699,JOB-2026-00699,Data Scientist,Open,2026-05-12,,93,"90+ DAYS",27,1,1,1,3.70
246,JOB-2026-00246,Data Scientist,Closed,2026-05-10,2026-08-11,93,"90+ DAYS",45,2,2,1,2.22
913,JOB-2026-00913,Full Stack Developer,Filled,2025-04-19,2025-07-20,92,"90+ DAYS",45,3,0,0,0.00
121,JOB-2026-00121,Data Analyst,Closed,2025-12-08,2026-03-10,92,"90+ DAYS",45,1,4,0,0.00
864,JOB-2026-00864,Data Scientist,Filled,2026-07-03,2026-10-03,92,"90+ DAYS",49,4,4,2,4.08
76,JOB-2026-00076,Business Analyst,Closed,2026-09-04,2026-12-05,92,"90+ DAYS",0,0,0,0,
976,JOB-2026-00976,DevOps Engineer,Closed,2026-04-23,2026-07-24,92,"90+ DAYS",45,3,6,1,2.22
382,JOB-2026-00382,ML Engineer,Filled,2025-10-09,2026-01-09,92,"90+ DAYS",51,2,2,0,0.00
596,JOB-2026-00596,DevOps Engineer,Closed,2025-06-07,2025-09-07,92,"90+ DAYS",49,1,2,0,0.00
671,JOB-2026-00671,AI Engineer,Closed,2025-08-27,2025-11-27,92,"90+ DAYS",42,4,1,3,7.14
361,JOB-2026-00361,Data Analyst,Closed,2025-06-19,2025-09-18,91,"90+ DAYS",52,4,3,1,1.92
635,JOB-2026-00635,Senior Java Developer,Closed,2026-11-10,2027-02-09,91,"90+ DAYS",0,0,0,0,
238,JOB-2026-00238,ML Engineer,Filled,2025-11-02,2026-02-01,91,"90+ DAYS",40,1,0,0,0.00
763,JOB-2026-00763,AI Engineer,Filled,2026-08-01,2026-10-30,90,"90+ DAYS",53,3,0,2,3.77
12,JOB-2026-00012,Senior Data Analyst,Closed,2025-12-13,2026-03-13,90,"90+ DAYS",53,3,3,0,0.00
398,JOB-2026-00398,Java Developer,Filled,2025-05-21,2025-08-19,90,"90+ DAYS",55,2,2,0,0.00
881,JOB-2026-00881,Senior Java Developer,Open,2026-05-15,,90,"90+ DAYS",23,1,1,1,4.35
500,JOB-2026-00500,Data Scientist,Closed,2025-03-21,2025-06-19,90,"90+ DAYS",36,1,3,1,2.78
899,JOB-2026-00899,Java Developer,Filled,2026-09-10,2026-12-09,90,"90+ DAYS",0,0,0,0,
986,JOB-2026-00986,Java Developer,Filled,2025-06-09,2025-09-07,90,"90+ DAYS",33,2,0,0,0.00
281,JOB-2026-00281,AI Engineer,Closed,2026-05-09,2026-08-07,90,"90+ DAYS",47,2,0,1,2.13
948,JOB-2026-00948,Data Scientist,Filled,2025-07-07,2025-10-04,89,"60-89 DAYS",49,0,2,0,0.00
257,JOB-2026-00257,Data Scientist,Closed,2026-12-29,2027-03-28,89,"60-89 DAYS",0,0,0,0,
317,JOB-2026-00317,AI Engineer,Filled,2025-11-29,2026-02-26,89,"60-89 DAYS",39,1,2,1,2.56
757,JOB-2026-00757,Data Analyst,Open,2026-05-16,,89,"60-89 DAYS",38,4,2,1,2.63
218,JOB-2026-00218,Senior Data Analyst,Open,2026-05-16,,89,"60-89 DAYS",43,6,3,1,2.33
696,JOB-2026-00696,DevOps Engineer,Filled,2025-05-24,2025-08-21,89,"60-89 DAYS",44,2,1,0,0.00
726,JOB-2026-00726,Data Analyst,Filled,2025-07-08,2025-10-05,89,"60-89 DAYS",29,0,4,0,0.00
287,JOB-2026-00287,AI Engineer,Closed,2026-01-06,2026-04-05,89,"60-89 DAYS",50,5,0,0,0.00
576,JOB-2026-00576,Senior Data Analyst,Filled,2025-07-19,2025-10-15,88,"60-89 DAYS",46,2,1,0,0.00
939,JOB-2026-00939,Senior Java Developer,Closed,2026-05-29,2026-08-25,88,"60-89 DAYS",51,1,3,0,0.00
677,JOB-2026-00677,Data Scientist,Closed,2026-11-16,2027-02-12,88,"60-89 DAYS",0,0,0,0,
122,JOB-2026-00122,Java Developer,Open,2026-05-17,,88,"60-89 DAYS",50,1,2,0,0.00
722,JOB-2026-00722,Data Analyst,Closed,2026-11-26,2027-02-22,88,"60-89 DAYS",0,0,0,0,
208,JOB-2026-00208,Business Analyst,Closed,2025-01-29,2025-04-26,87,"60-89 DAYS",51,4,2,0,0.00
988,JOB-2026-00988,Data Scientist,Closed,2026-01-07,2026-04-04,87,"60-89 DAYS",39,3,3,0,0.00
565,JOB-2026-00565,Full Stack Developer,Closed,2026-02-23,2026-05-21,87,"60-89 DAYS",47,4,2,1,2.13
982,JOB-2026-00982,Full Stack Developer,Filled,2025-02-07,2025-05-05,87,"60-89 DAYS",47,1,2,2,4.26
528,JOB-2026-00528,Data Analyst,Filled,2025-02-28,2025-05-25,86,"60-89 DAYS",30,0,1,0,0.00
360,JOB-2026-00360,Senior Java Developer,Filled,2025-11-03,2026-01-28,86,"60-89 DAYS",34,2,1,2,5.88
444,JOB-2026-00444,Data Scientist,Open,2026-05-19,,86,"60-89 DAYS",48,1,1,1,2.08
825,JOB-2026-00825,Senior Data Analyst,Closed,2025-06-04,2025-08-29,86,"60-89 DAYS",34,3,1,0,0.00
652,JOB-2026-00652,Data Scientist,Filled,2026-12-11,2027-03-07,86,"60-89 DAYS",0,0,0,0,
541,JOB-2026-00541,Senior Java Developer,Closed,2026-05-01,2026-07-25,85,"60-89 DAYS",42,3,2,1,2.38
99,JOB-2026-00099,Full Stack Developer,Filled,2025-01-20,2025-04-15,85,"60-89 DAYS",40,1,1,0,0.00
336,JOB-2026-00336,AI Engineer,Filled,2025-07-28,2025-10-21,85,"60-89 DAYS",43,3,0,0,0.00
256,JOB-2026-00256,Senior Java Developer,Filled,2026-12-20,2027-03-15,85,"60-89 DAYS",0,0,0,0,
366,JOB-2026-00366,ML Engineer,Filled,2025-03-14,2025-06-06,84,"60-89 DAYS",38,3,1,0,0.00
549,JOB-2026-00549,DevOps Engineer,Open,2026-05-21,,84,"60-89 DAYS",41,2,0,0,0.00
936,JOB-2026-00936,Full Stack Developer,Filled,2026-01-18,2026-04-12,84,"60-89 DAYS",49,3,1,0,0.00
959,JOB-2026-00959,AI Engineer,Closed,2025-07-14,2025-10-06,84,"60-89 DAYS",41,0,3,0,0.00
687,JOB-2026-00687,Data Scientist,Filled,2025-12-10,2026-03-04,84,"60-89 DAYS",45,1,1,0,0.00
819,JOB-2026-00819,Data Scientist,Filled,2025-04-07,2025-06-29,83,"60-89 DAYS",41,3,1,0,0.00
872,JOB-2026-00872,Full Stack Developer,Filled,2025-06-02,2025-08-24,83,"60-89 DAYS",33,4,2,0,0.00
761,JOB-2026-00761,Full Stack Developer,Filled,2026-12-20,2027-03-13,83,"60-89 DAYS",0,0,0,0,
326,JOB-2026-00326,Senior Data Analyst,Filled,2026-02-16,2026-05-10,83,"60-89 DAYS",38,2,1,0,0.00
495,JOB-2026-00495,Senior Java Developer,Filled,2025-11-18,2026-02-08,82,"60-89 DAYS",27,1,2,0,0.00
176,JOB-2026-00176,ML Engineer,Open,2026-05-23,,82,"60-89 DAYS",41,1,1,0,0.00
136,JOB-2026-00136,DevOps Engineer,Closed,2026-11-28,2027-02-18,82,"60-89 DAYS",0,0,0,0,
572,JOB-2026-00572,Data Analyst,Closed,2025-08-05,2025-10-25,81,"60-89 DAYS",44,2,3,0,0.00
590,JOB-2026-00590,Data Scientist,Closed,2026-07-24,2026-10-13,81,"60-89 DAYS",44,0,2,0,0.00
167,JOB-2026-00167,Java Developer,Closed,2025-04-11,2025-07-01,81,"60-89 DAYS",45,2,1,0,0.00
363,JOB-2026-00363,Full Stack Developer,Filled,2025-12-02,2026-02-21,81,"60-89 DAYS",27,1,1,0,0.00
118,JOB-2026-00118,DevOps Engineer,On Hold,2026-05-25,,80,"60-89 DAYS",0,0,0,0,
912,JOB-2026-00912,ML Engineer,Open,2026-05-25,,80,"60-89 DAYS",48,1,3,1,2.08
26,JOB-2026-00026,Data Analyst,Closed,2025-12-20,2026-03-10,80,"60-89 DAYS",37,2,3,0,0.00
729,JOB-2026-00729,Data Analyst,Filled,2025-11-17,2026-02-05,80,"60-89 DAYS",45,2,1,0,0.00
703,JOB-2026-00703,Java Developer,Closed,2025-10-11,2025-12-29,79,"60-89 DAYS",45,5,1,1,2.22
9,JOB-2026-00009,ML Engineer,Filled,2025-04-19,2025-07-07,79,"60-89 DAYS",36,2,3,1,2.78
89,JOB-2026-00089,Data Analyst,Filled,2025-03-20,2025-06-07,79,"60-89 DAYS",37,2,1,1,2.70
100,JOB-2026-00100,Business Analyst,Open,2026-05-27,,78,"60-89 DAYS",53,1,2,0,0.00
471,JOB-2026-00471,Data Scientist,Closed,2025-06-17,2025-09-03,78,"60-89 DAYS",43,1,7,1,2.33
51,JOB-2026-00051,Full Stack Developer,Closed,2026-12-18,2027-03-06,78,"60-89 DAYS",0,0,0,0,
632,JOB-2026-00632,Senior Java Developer,Closed,2026-11-01,2027-01-18,78,"60-89 DAYS",0,0,0,0,
644,JOB-2026-00644,Senior Java Developer,Filled,2025-03-18,2025-06-04,78,"60-89 DAYS",40,0,2,0,0.00
618,JOB-2026-00618,ML Engineer,Filled,2026-12-12,2027-02-28,78,"60-89 DAYS",0,0,0,0,
108,JOB-2026-00108,AI Engineer,On Hold,2026-05-27,,78,"60-89 DAYS",0,0,0,0,
314,JOB-2026-00314,Data Scientist,Filled,2025-12-17,2026-03-05,78,"60-89 DAYS",44,1,4,1,2.27
866,JOB-2026-00866,Java Developer,Filled,2025-09-16,2025-12-02,77,"60-89 DAYS",37,1,4,0,0.00
811,JOB-2026-00811,Data Scientist,Closed,2026-05-29,2026-08-14,77,"60-89 DAYS",49,4,2,3,6.12
503,JOB-2026-00503,Business Analyst,Filled,2025-10-18,2026-01-03,77,"60-89 DAYS",53,4,6,2,3.77
787,JOB-2026-00787,Data Scientist,Closed,2026-06-04,2026-08-20,77,"60-89 DAYS",48,3,2,1,2.08
902,JOB-2026-00902,Senior Java Developer,Closed,2025-12-21,2026-03-08,77,"60-89 DAYS",31,0,2,1,3.23
345,JOB-2026-00345,Senior Java Developer,Filled,2025-03-09,2025-05-25,77,"60-89 DAYS",41,1,2,0,0.00
403,JOB-2026-00403,Full Stack Developer,Filled,2026-07-05,2026-09-20,77,"60-89 DAYS",37,0,2,0,0.00
485,JOB-2026-00485,Full Stack Developer,Closed,2026-07-22,2026-10-07,77,"60-89 DAYS",34,1,0,0,0.00
840,JOB-2026-00840,ML Engineer,Filled,2026-01-10,2026-03-27,76,"60-89 DAYS",48,1,2,0,0.00
951,JOB-2026-00951,Business Analyst,Closed,2026-11-07,2027-01-22,76,"60-89 DAYS",0,0,0,0,
368,JOB-2026-00368,Full Stack Developer,Filled,2026-12-02,2027-02-15,75,"60-89 DAYS",0,0,0,0,
206,JOB-2026-00206,DevOps Engineer,Open,2026-05-30,,75,"60-89 DAYS",46,2,2,2,4.35
492,JOB-2026-00492,Data Scientist,Filled,2026-03-02,2026-05-16,75,"60-89 DAYS",46,2,2,1,2.17
686,JOB-2026-00686,Data Analyst,Filled,2026-08-21,2026-11-04,75,"60-89 DAYS",0,0,0,0,
56,JOB-2026-00056,Data Scientist,Filled,2026-12-24,2027-03-09,75,"60-89 DAYS",0,0,0,0,
154,JOB-2026-00154,AI Engineer,Closed,2025-04-06,2025-06-20,75,"60-89 DAYS",49,3,4,0,0.00
734,JOB-2026-00734,Full Stack Developer,Filled,2026-03-05,2026-05-19,75,"60-89 DAYS",49,1,3,0,0.00
796,JOB-2026-00796,Business Analyst,Closed,2026-10-13,2026-12-27,75,"60-89 DAYS",0,0,0,0,
32,JOB-2026-00032,Full Stack Developer,Filled,2026-07-16,2026-09-29,75,"60-89 DAYS",34,0,0,0,0.00
910,JOB-2026-00910,AI Engineer,Closed,2025-02-13,2025-04-28,74,"60-89 DAYS",47,4,1,1,2.13
413,JOB-2026-00413,AI Engineer,Open,2026-05-31,,74,"60-89 DAYS",35,0,1,0,0.00
667,JOB-2026-00667,ML Engineer,Filled,2025-12-23,2026-03-07,74,"60-89 DAYS",40,3,2,1,2.50
489,JOB-2026-00489,ML Engineer,Open,2026-05-31,,74,"60-89 DAYS",45,3,0,1,2.22
369,JOB-2026-00369,Java Developer,Closed,2025-03-08,2025-05-21,74,"60-89 DAYS",43,2,1,0,0.00
274,JOB-2026-00274,Senior Java Developer,Filled,2026-11-27,2027-02-09,74,"60-89 DAYS",0,0,0,0,
851,JOB-2026-00851,Business Analyst,Filled,2025-11-02,2026-01-14,73,"60-89 DAYS",46,4,0,2,4.35
501,JOB-2026-00501,Full Stack Developer,Closed,2025-05-28,2025-08-09,73,"60-89 DAYS",39,4,1,0,0.00
59,JOB-2026-00059,Data Scientist,Closed,2025-04-13,2025-06-25,73,"60-89 DAYS",45,3,2,0,0.00
377,JOB-2026-00377,Data Scientist,Filled,2026-12-14,2027-02-25,73,"60-89 DAYS",0,0,0,0,
781,JOB-2026-00781,Data Scientist,Filled,2025-04-03,2025-06-15,73,"60-89 DAYS",48,2,2,0,0.00
789,JOB-2026-00789,Data Analyst,Filled,2025-07-22,2025-10-03,73,"60-89 DAYS",42,2,2,0,0.00
235,JOB-2026-00235,Data Analyst,Filled,2025-12-17,2026-02-28,73,"60-89 DAYS",42,1,0,0,0.00
464,JOB-2026-00464,Java Developer,Closed,2025-01-15,2025-03-29,73,"60-89 DAYS",35,4,0,0,0.00
547,JOB-2026-00547,Senior Data Analyst,Filled,2026-06-23,2026-09-04,73,"60-89 DAYS",34,0,1,0,0.00
548,JOB-2026-00548,Senior Java Developer,Filled,2025-09-13,2025-11-25,73,"60-89 DAYS",32,2,1,0,0.00
150,JOB-2026-00150,DevOps Engineer,Filled,2026-05-16,2026-07-28,73,"60-89 DAYS",33,0,1,0,0.00
373,JOB-2026-00373,Data Scientist,Filled,2026-06-29,2026-09-09,72,"60-89 DAYS",36,1,0,0,0.00
227,JOB-2026-00227,AI Engineer,On Hold,2026-06-02,,72,"60-89 DAYS",0,0,0,0,
264,JOB-2026-00264,Business Analyst,Filled,2026-10-27,2027-01-07,72,"60-89 DAYS",0,0,0,0,
862,JOB-2026-00862,AI Engineer,Closed,2025-09-07,2025-11-17,71,"60-89 DAYS",37,0,1,0,0.00
966,JOB-2026-00966,Business Analyst,Closed,2025-08-26,2025-11-05,71,"60-89 DAYS",56,2,0,0,0.00
61,JOB-2026-00061,AI Engineer,Filled,2025-04-11,2025-06-21,71,"60-89 DAYS",44,2,3,1,2.27
445,JOB-2026-00445,Full Stack Developer,Open,2026-06-03,,71,"60-89 DAYS",29,1,1,0,0.00
175,JOB-2026-00175,DevOps Engineer,Filled,2026-12-03,2027-02-12,71,"60-89 DAYS",0,0,0,0,
724,JOB-2026-00724,Senior Data Analyst,Closed,2025-09-28,2025-12-08,71,"60-89 DAYS",39,0,2,2,5.13
740,JOB-2026-00740,Data Analyst,Closed,2025-07-28,2025-10-07,71,"60-89 DAYS",45,2,2,1,2.22
829,JOB-2026-00829,Senior Data Analyst,Filled,2026-10-28,2027-01-06,70,"60-89 DAYS",0,0,0,0,
57,JOB-2026-00057,Senior Data Analyst,Open,2026-06-04,,70,"60-89 DAYS",43,1,1,0,0.00
856,JOB-2026-00856,Full Stack Developer,Filled,2025-02-08,2025-04-19,70,"60-89 DAYS",54,0,0,0,0.00
935,JOB-2026-00935,AI Engineer,Filled,2026-10-28,2027-01-06,70,"60-89 DAYS",0,0,0,0,
900,JOB-2026-00900,Java Developer,Closed,2026-12-19,2027-02-27,70,"60-89 DAYS",0,0,0,0,
911,JOB-2026-00911,Data Analyst,Closed,2026-10-10,2026-12-19,70,"60-89 DAYS",0,0,0,0,
682,JOB-2026-00682,Full Stack Developer,Filled,2025-02-20,2025-04-30,69,"60-89 DAYS",71,7,2,1,1.41
187,JOB-2026-00187,AI Engineer,Closed,2025-05-07,2025-07-15,69,"60-89 DAYS",37,3,4,1,2.70
285,JOB-2026-00285,DevOps Engineer,Filled,2026-03-07,2026-05-15,69,"60-89 DAYS",22,0,2,1,4.55
17,JOB-2026-00017,DevOps Engineer,Open,2026-06-05,,69,"60-89 DAYS",42,1,2,0,0.00
241,JOB-2026-00241,ML Engineer,Filled,2025-10-04,2025-12-11,68,"60-89 DAYS",43,3,0,0,0.00
706,JOB-2026-00706,AI Engineer,Filled,2025-06-28,2025-09-04,68,"60-89 DAYS",32,0,1,0,0.00
752,JOB-2026-00752,ML Engineer,Filled,2026-06-01,2026-08-08,68,"60-89 DAYS",41,0,0,1,2.44
730,JOB-2026-00730,Senior Data Analyst,Closed,2026-05-31,2026-08-07,68,"60-89 DAYS",58,6,2,0,0.00
240,JOB-2026-00240,Data Analyst,Filled,2026-11-01,2027-01-08,68,"60-89 DAYS",0,0,0,0,
977,JOB-2026-00977,Data Analyst,Filled,2026-01-12,2026-03-20,67,"60-89 DAYS",41,1,2,0,0.00
111,JOB-2026-00111,Business Analyst,Closed,2026-02-12,2026-04-20,67,"60-89 DAYS",42,3,2,0,0.00
312,JOB-2026-00312,Business Analyst,Filled,2026-10-27,2027-01-02,67,"60-89 DAYS",0,0,0,0,
493,JOB-2026-00493,AI Engineer,Closed,2025-08-22,2025-10-28,67,"60-89 DAYS",48,1,3,0,0.00
664,JOB-2026-00664,Senior Data Analyst,Filled,2026-02-05,2026-04-13,67,"60-89 DAYS",49,4,1,1,2.04
23,JOB-2026-00023,Data Analyst,Filled,2026-11-14,2027-01-20,67,"60-89 DAYS",0,0,0,0,
606,JOB-2026-00606,Senior Data Analyst,Filled,2025-03-28,2025-06-03,67,"60-89 DAYS",52,5,3,2,3.85
805,JOB-2026-00805,Data Scientist,Filled,2025-01-08,2025-03-16,67,"60-89 DAYS",39,2,1,1,2.56
282,JOB-2026-00282,Data Analyst,Closed,2025-06-20,2025-08-25,66,"60-89 DAYS",47,4,1,1,2.13
440,JOB-2026-00440,Data Scientist,Filled,2025-12-13,2026-02-17,66,"60-89 DAYS",36,3,0,1,2.78
705,JOB-2026-00705,DevOps Engineer,Closed,2026-08-26,2026-10-31,66,"60-89 DAYS",0,0,0,0,
290,JOB-2026-00290,ML Engineer,Closed,2026-09-16,2026-11-21,66,"60-89 DAYS",0,0,0,0,
298,JOB-2026-00298,Business Analyst,Open,2026-06-08,,66,"60-89 DAYS",44,4,1,1,2.27
674,JOB-2026-00674,Senior Data Analyst,Filled,2025-11-05,2026-01-10,66,"60-89 DAYS",34,2,1,1,2.94
928,JOB-2026-00928,ML Engineer,Closed,2026-09-10,2026-11-15,66,"60-89 DAYS",0,0,0,0,
106,JOB-2026-00106,Java Developer,Filled,2026-10-17,2026-12-22,66,"60-89 DAYS",0,0,0,0,
25,JOB-2026-00025,AI Engineer,Filled,2025-03-13,2025-05-18,66,"60-89 DAYS",46,1,3,0,0.00
439,JOB-2026-00439,Full Stack Developer,Filled,2025-01-14,2025-03-20,65,"60-89 DAYS",35,0,1,1,2.86
428,JOB-2026-00428,Full Stack Developer,Open,2026-06-09,,65,"60-89 DAYS",35,1,1,0,0.00
172,JOB-2026-00172,Senior Data Analyst,Closed,2026-10-17,2026-12-21,65,"60-89 DAYS",0,0,0,0,
138,JOB-2026-00138,Full Stack Developer,Filled,2026-04-19,2026-06-23,65,"60-89 DAYS",40,0,3,2,5.00
127,JOB-2026-00127,ML Engineer,Filled,2026-11-24,2027-01-28,65,"60-89 DAYS",0,0,0,0,
550,JOB-2026-00550,Data Analyst,Filled,2025-12-18,2026-02-21,65,"60-89 DAYS",49,2,2,0,0.00
960,JOB-2026-00960,AI Engineer,Closed,2025-07-07,2025-09-10,65,"60-89 DAYS",38,1,2,0,0.00
997,JOB-2026-00997,Data Analyst,Filled,2025-07-11,2025-09-14,65,"60-89 DAYS",45,0,0,0,0.00
344,JOB-2026-00344,Full Stack Developer,Closed,2026-04-26,2026-06-29,64,"60-89 DAYS",37,2,0,1,2.70
888,JOB-2026-00888,Senior Data Analyst,Filled,2026-10-23,2026-12-26,64,"60-89 DAYS",0,0,0,0,
567,JOB-2026-00567,Business Analyst,Filled,2025-04-30,2025-07-03,64,"60-89 DAYS",49,2,4,2,4.08
946,JOB-2026-00946,DevOps Engineer,Filled,2025-07-05,2025-09-07,64,"60-89 DAYS",42,4,1,0,0.00
967,JOB-2026-00967,Full Stack Developer,Closed,2025-11-26,2026-01-29,64,"60-89 DAYS",38,1,0,0,0.00
889,JOB-2026-00889,Full Stack Developer,Filled,2025-05-28,2025-07-31,64,"60-89 DAYS",42,1,4,0,0.00
30,JOB-2026-00030,Business Analyst,Filled,2026-10-07,2026-12-10,64,"60-89 DAYS",0,0,0,0,
527,JOB-2026-00527,Data Scientist,Open,2026-06-10,,64,"60-89 DAYS",49,3,1,0,0.00
3,JOB-2026-00003,Java Developer,Closed,2025-02-14,2025-04-18,63,"60-89 DAYS",39,4,0,0,0.00
162,JOB-2026-00162,Full Stack Developer,Filled,2025-01-07,2025-03-11,63,"60-89 DAYS",50,7,4,1,2.00
304,JOB-2026-00304,ML Engineer,Filled,2026-05-15,2026-07-17,63,"60-89 DAYS",36,6,1,0,0.00
437,JOB-2026-00437,Java Developer,Open,2026-06-11,,63,"60-89 DAYS",38,4,3,0,0.00
279,JOB-2026-00279,ML Engineer,Closed,2026-07-12,2026-09-13,63,"60-89 DAYS",27,0,0,0,0.00
125,JOB-2026-00125,Data Analyst,Closed,2026-07-29,2026-09-30,63,"60-89 DAYS",44,1,2,0,0.00
579,JOB-2026-00579,Business Analyst,Filled,2026-01-22,2026-03-26,63,"60-89 DAYS",46,2,2,0,0.00
535,JOB-2026-00535,Full Stack Developer,Filled,2026-06-05,2026-08-06,62,"60-89 DAYS",37,0,1,1,2.70
265,JOB-2026-00265,Senior Data Analyst,Filled,2025-10-17,2025-12-18,62,"60-89 DAYS",35,3,1,1,2.86
621,JOB-2026-00621,AI Engineer,Filled,2026-10-27,2026-12-28,62,"60-89 DAYS",0,0,0,0,
4,JOB-2026-00004,AI Engineer,Closed,2025-04-14,2025-06-14,61,"60-89 DAYS",50,1,1,0,0.00
788,JOB-2026-00788,Business Analyst,Filled,2026-04-30,2026-06-30,61,"60-89 DAYS",46,3,2,0,0.00
40,JOB-2026-00040,Senior Data Analyst,Closed,2026-03-07,2026-05-07,61,"60-89 DAYS",26,2,2,1,3.85
895,JOB-2026-00895,Senior Data Analyst,Filled,2025-06-04,2025-08-04,61,"60-89 DAYS",42,1,3,0,0.00
807,JOB-2026-00807,Senior Java Developer,Filled,2025-09-26,2025-11-26,61,"60-89 DAYS",49,0,1,0,0.00
954,JOB-2026-00954,DevOps Engineer,Filled,2025-09-10,2025-11-10,61,"60-89 DAYS",44,2,1,2,4.55
491,JOB-2026-00491,DevOps Engineer,Filled,2025-06-21,2025-08-21,61,"60-89 DAYS",46,2,3,0,0.00
367,JOB-2026-00367,Senior Java Developer,Closed,2026-10-07,2026-12-06,60,"60-89 DAYS",0,0,0,0,
537,JOB-2026-00537,Java Developer,Closed,2025-05-18,2025-07-17,60,"60-89 DAYS",39,1,1,1,2.56
600,JOB-2026-00600,AI Engineer,Closed,2026-12-25,2027-02-23,60,"60-89 DAYS",0,0,0,0,
394,JOB-2026-00394,Senior Java Developer,Filled,2026-12-14,2027-02-12,60,"60-89 DAYS",0,0,0,0,
926,JOB-2026-00926,Data Analyst,Closed,2025-08-02,2025-09-30,59,"30-59 DAYS",49,4,1,0,0.00
116,JOB-2026-00116,AI Engineer,Filled,2025-11-17,2026-01-15,59,"30-59 DAYS",41,2,2,0,0.00
192,JOB-2026-00192,Data Scientist,Closed,2026-12-20,2027-02-17,59,"30-59 DAYS",0,0,0,0,
767,JOB-2026-00767,Senior Java Developer,Filled,2025-01-26,2025-03-26,59,"30-59 DAYS",26,1,1,1,3.85
419,JOB-2026-00419,ML Engineer,Filled,2026-07-30,2026-09-27,59,"30-59 DAYS",43,3,6,0,0.00
711,JOB-2026-00711,Senior Data Analyst,Open,2026-06-15,,59,"30-59 DAYS",50,4,1,0,0.00
584,JOB-2026-00584,Data Scientist,Closed,2025-12-12,2026-02-09,59,"30-59 DAYS",40,0,0,1,2.50
697,JOB-2026-00697,Data Scientist,Open,2026-06-15,,59,"30-59 DAYS",37,2,1,0,0.00
232,JOB-2026-00232,Senior Java Developer,Filled,2026-08-21,2026-10-18,58,"30-59 DAYS",0,0,0,0,
721,JOB-2026-00721,Data Analyst,Filled,2025-12-23,2026-02-19,58,"30-59 DAYS",38,3,0,0,0.00
985,JOB-2026-00985,Data Scientist,Filled,2025-03-23,2025-05-20,58,"30-59 DAYS",42,3,2,0,0.00
636,JOB-2026-00636,Data Scientist,Closed,2026-12-17,2027-02-13,58,"30-59 DAYS",0,0,0,0,
715,JOB-2026-00715,DevOps Engineer,Closed,2025-05-01,2025-06-28,58,"30-59 DAYS",44,3,1,2,4.55
416,JOB-2026-00416,AI Engineer,Closed,2026-06-17,2026-08-14,58,"30-59 DAYS",39,1,2,1,2.56
157,JOB-2026-00157,DevOps Engineer,Filled,2025-04-11,2025-06-08,58,"30-59 DAYS",43,3,0,0,0.00
999,JOB-2026-00999,AI Engineer,Closed,2025-02-09,2025-04-08,58,"30-59 DAYS",31,1,0,0,0.00
778,JOB-2026-00778,Data Analyst,Closed,2025-01-09,2025-03-08,58,"30-59 DAYS",48,1,3,1,2.08
990,JOB-2026-00990,AI Engineer,Filled,2025-10-21,2025-12-18,58,"30-59 DAYS",52,1,3,1,1.92
514,JOB-2026-00514,DevOps Engineer,Filled,2026-09-18,2026-11-15,58,"30-59 DAYS",0,0,0,0,
432,JOB-2026-00432,Java Developer,Filled,2026-03-29,2026-05-26,58,"30-59 DAYS",37,1,3,0,0.00
859,JOB-2026-00859,Full Stack Developer,Closed,2025-07-27,2025-09-23,58,"30-59 DAYS",30,1,2,1,3.33
994,JOB-2026-00994,Senior Data Analyst,Closed,2026-12-07,2027-02-03,58,"30-59 DAYS",0,0,0,0,
251,JOB-2026-00251,Senior Data Analyst,Filled,2026-07-30,2026-09-26,58,"30-59 DAYS",35,0,3,1,2.86
474,JOB-2026-00474,Senior Data Analyst,Filled,2026-10-06,2026-12-02,57,"30-59 DAYS",0,0,0,0,
473,JOB-2026-00473,DevOps Engineer,Filled,2025-03-20,2025-05-16,57,"30-59 DAYS",39,1,0,0,0.00
838,JOB-2026-00838,Senior Java Developer,Filled,2026-09-29,2026-11-25,57,"30-59 DAYS",0,0,0,0,
813,JOB-2026-00813,DevOps Engineer,Filled,2026-11-12,2027-01-08,57,"30-59 DAYS",0,0,0,0,
749,JOB-2026-00749,Data Scientist,Filled,2025-01-22,2025-03-20,57,"30-59 DAYS",32,2,2,0,0.00
768,JOB-2026-00768,Data Analyst,Closed,2026-06-23,2026-08-19,57,"30-59 DAYS",50,0,0,0,0.00
801,JOB-2026-00801,ML Engineer,Closed,2026-02-14,2026-04-12,57,"30-59 DAYS",47,2,1,0,0.00
350,JOB-2026-00350,DevOps Engineer,Filled,2026-07-18,2026-09-13,57,"30-59 DAYS",49,1,2,1,2.04
710,JOB-2026-00710,DevOps Engineer,Filled,2026-05-26,2026-07-22,57,"30-59 DAYS",44,1,1,0,0.00
29,JOB-2026-00029,DevOps Engineer,Filled,2025-10-18,2025-12-14,57,"30-59 DAYS",57,1,1,0,0.00
460,JOB-2026-00460,Senior Java Developer,Closed,2026-05-19,2026-07-15,57,"30-59 DAYS",45,2,3,0,0.00
529,JOB-2026-00529,Full Stack Developer,Closed,2026-12-11,2027-02-06,57,"30-59 DAYS",0,0,0,0,
308,JOB-2026-00308,Data Scientist,Closed,2025-01-30,2025-03-27,56,"30-59 DAYS",31,1,2,1,3.23
415,JOB-2026-00415,Data Scientist,Open,2026-06-18,,56,"30-59 DAYS",43,2,4,0,0.00
694,JOB-2026-00694,Senior Data Analyst,Closed,2025-11-15,2026-01-10,56,"30-59 DAYS",43,2,1,0,0.00
918,JOB-2026-00918,Java Developer,Closed,2025-05-30,2025-07-24,55,"30-59 DAYS",41,1,5,0,0.00
456,JOB-2026-00456,DevOps Engineer,Filled,2025-09-01,2025-10-26,55,"30-59 DAYS",45,1,2,0,0.00
783,JOB-2026-00783,Full Stack Developer,Closed,2026-12-25,2027-02-18,55,"30-59 DAYS",0,0,0,0,
60,JOB-2026-00060,ML Engineer,Closed,2025-12-03,2026-01-27,55,"30-59 DAYS",41,0,3,0,0.00
200,JOB-2026-00200,AI Engineer,Closed,2025-06-09,2025-08-03,55,"30-59 DAYS",38,2,1,0,0.00
920,JOB-2026-00920,Full Stack Developer,Closed,2026-07-23,2026-09-16,55,"30-59 DAYS",40,0,2,0,0.00
821,JOB-2026-00821,Business Analyst,Closed,2025-09-27,2025-11-20,54,"30-59 DAYS",51,10,1,1,1.96
288,JOB-2026-00288,DevOps Engineer,Closed,2026-01-15,2026-03-10,54,"30-59 DAYS",41,2,1,0,0.00
818,JOB-2026-00818,ML Engineer,Closed,2025-12-16,2026-02-08,54,"30-59 DAYS",43,1,1,0,0.00
582,JOB-2026-00582,Data Scientist,Closed,2026-11-13,2027-01-06,54,"30-59 DAYS",0,0,0,0,
18,JOB-2026-00018,Senior Data Analyst,Open,2026-06-20,,54,"30-59 DAYS",43,1,2,0,0.00
309,JOB-2026-00309,Business Analyst,Filled,2026-03-22,2026-05-15,54,"30-59 DAYS",46,1,1,1,2.17
762,JOB-2026-00762,AI Engineer,Closed,2025-10-09,2025-12-02,54,"30-59 DAYS",52,5,2,2,3.85
183,JOB-2026-00183,Full Stack Developer,Filled,2025-07-27,2025-09-18,53,"30-59 DAYS",49,4,4,0,0.00
339,JOB-2026-00339,Senior Java Developer,Closed,2025-12-22,2026-02-13,53,"30-59 DAYS",42,4,1,0,0.00
384,JOB-2026-00384,Java Developer,Closed,2025-02-23,2025-04-17,53,"30-59 DAYS",39,1,1,1,2.56
563,JOB-2026-00563,Senior Java Developer,Filled,2026-01-26,2026-03-20,53,"30-59 DAYS",56,3,2,1,1.79
892,JOB-2026-00892,ML Engineer,Filled,2026-04-27,2026-06-19,53,"30-59 DAYS",60,2,3,0,0.00
885,JOB-2026-00885,Data Scientist,Closed,2026-10-22,2026-12-13,52,"30-59 DAYS",0,0,0,0,
276,JOB-2026-00276,Full Stack Developer,Filled,2026-02-06,2026-03-30,52,"30-59 DAYS",36,1,3,0,0.00
355,JOB-2026-00355,ML Engineer,Open,2026-06-22,,52,"30-59 DAYS",43,5,2,0,0.00
971,JOB-2026-00971,DevOps Engineer,Open,2026-06-22,,52,"30-59 DAYS",51,0,2,0,0.00
45,JOB-2026-00045,Full Stack Developer,Filled,2026-09-04,2026-10-26,52,"30-59 DAYS",0,0,0,0,
424,JOB-2026-00424,Full Stack Developer,Filled,2026-03-31,2026-05-21,51,"30-59 DAYS",27,2,0,0,0.00
513,JOB-2026-00513,Business Analyst,Filled,2026-10-10,2026-11-30,51,"30-59 DAYS",0,0,0,0,
417,JOB-2026-00417,Business Analyst,Closed,2025-09-24,2025-11-14,51,"30-59 DAYS",37,2,1,0,0.00
209,JOB-2026-00209,AI Engineer,Open,2026-06-24,,50,"30-59 DAYS",40,3,0,1,2.50
772,JOB-2026-00772,Senior Data Analyst,Closed,2025-10-01,2025-11-20,50,"30-59 DAYS",43,4,2,3,6.98
178,JOB-2026-00178,Data Scientist,Closed,2025-07-31,2025-09-19,50,"30-59 DAYS",42,3,0,0,0.00
454,JOB-2026-00454,Data Analyst,Filled,2025-05-20,2025-07-09,50,"30-59 DAYS",36,1,1,0,0.00
725,JOB-2026-00725,Business Analyst,Filled,2026-03-28,2026-05-17,50,"30-59 DAYS",51,4,3,1,1.96
21,JOB-2026-00021,ML Engineer,Closed,2025-02-22,2025-04-13,50,"30-59 DAYS",32,2,1,1,3.13
324,JOB-2026-00324,Data Analyst,Filled,2026-01-13,2026-03-03,49,"30-59 DAYS",48,1,4,0,0.00
933,JOB-2026-00933,Data Analyst,Closed,2026-04-12,2026-05-31,49,"30-59 DAYS",40,1,1,0,0.00
50,JOB-2026-00050,Business Analyst,Filled,2025-04-28,2025-06-16,49,"30-59 DAYS",35,4,3,0,0.00
425,JOB-2026-00425,DevOps Engineer,Closed,2026-01-20,2026-03-10,49,"30-59 DAYS",51,3,3,1,1.96
681,JOB-2026-00681,Full Stack Developer,Closed,2026-05-03,2026-06-20,48,"30-59 DAYS",27,3,0,0,0.00
283,JOB-2026-00283,AI Engineer,Filled,2026-08-20,2026-10-07,48,"30-59 DAYS",0,0,0,0,
886,JOB-2026-00886,Full Stack Developer,Open,2026-06-26,,48,"30-59 DAYS",47,1,3,0,0.00
153,JOB-2026-00153,Data Scientist,Filled,2025-06-02,2025-07-19,47,"30-59 DAYS",37,1,4,0,0.00
756,JOB-2026-00756,Data Scientist,Filled,2026-08-04,2026-09-20,47,"30-59 DAYS",0,0,0,0,
351,JOB-2026-00351,Full Stack Developer,Filled,2025-05-15,2025-07-01,47,"30-59 DAYS",52,2,3,0,0.00
526,JOB-2026-00526,Business Analyst,Filled,2025-07-18,2025-09-03,47,"30-59 DAYS",31,2,2,0,0.00
987,JOB-2026-00987,DevOps Engineer,Filled,2025-02-22,2025-04-10,47,"30-59 DAYS",42,1,2,0,0.00
329,JOB-2026-00329,Data Analyst,Filled,2025-05-22,2025-07-07,46,"30-59 DAYS",41,1,0,0,0.00
779,JOB-2026-00779,Business Analyst,Closed,2026-12-13,2027-01-28,46,"30-59 DAYS",0,0,0,0,
1000,JOB-2026-01000,Data Scientist,On Hold,2026-06-28,,46,"30-59 DAYS",0,0,0,0,
861,JOB-2026-00861,Senior Data Analyst,Filled,2025-11-28,2026-01-13,46,"30-59 DAYS",48,0,1,0,0.00
587,JOB-2026-00587,DevOps Engineer,Filled,2026-03-21,2026-05-06,46,"30-59 DAYS",36,1,1,0,0.00
558,JOB-2026-00558,Data Analyst,Closed,2025-11-13,2025-12-29,46,"30-59 DAYS",37,5,2,1,2.70
407,JOB-2026-00407,AI Engineer,Closed,2025-10-13,2025-11-28,46,"30-59 DAYS",28,0,1,0,0.00
134,JOB-2026-00134,Java Developer,Closed,2025-01-12,2025-02-26,45,"30-59 DAYS",42,0,4,0,0.00
683,JOB-2026-00683,Data Analyst,Closed,2025-04-28,2025-06-12,45,"30-59 DAYS",46,0,3,0,0.00
370,JOB-2026-00370,Java Developer,Closed,2026-06-30,2026-08-14,45,"30-59 DAYS",45,1,1,0,0.00
804,JOB-2026-00804,Data Analyst,Filled,2026-04-16,2026-05-31,45,"30-59 DAYS",34,2,3,1,2.94
863,JOB-2026-00863,Senior Java Developer,Closed,2025-09-27,2025-11-11,45,"30-59 DAYS",23,1,0,0,0.00
463,JOB-2026-00463,Senior Java Developer,Filled,2025-01-24,2025-03-09,44,"30-59 DAYS",37,2,2,0,0.00
896,JOB-2026-00896,Data Scientist,Open,2026-06-30,,44,"30-59 DAYS",53,1,1,0,0.00
95,JOB-2026-00095,Senior Java Developer,Filled,2026-09-18,2026-11-01,44,"30-59 DAYS",0,0,0,0,
907,JOB-2026-00907,AI Engineer,Filled,2025-07-12,2025-08-25,44,"30-59 DAYS",32,2,0,0,0.00
280,JOB-2026-00280,Java Developer,Closed,2025-01-07,2025-02-20,44,"30-59 DAYS",58,3,4,0,0.00
148,JOB-2026-00148,Java Developer,Open,2026-07-01,,43,"30-59 DAYS",46,5,1,2,4.35
259,JOB-2026-00259,Data Analyst,Closed,2026-09-23,2026-11-05,43,"30-59 DAYS",0,0,0,0,
852,JOB-2026-00852,Full Stack Developer,Filled,2026-12-28,2027-02-09,43,"30-59 DAYS",0,0,0,0,
387,JOB-2026-00387,Senior Data Analyst,Closed,2026-06-22,2026-08-04,43,"30-59 DAYS",49,5,2,0,0.00
395,JOB-2026-00395,DevOps Engineer,Open,2026-07-01,,43,"30-59 DAYS",33,0,0,0,0.00
666,JOB-2026-00666,AI Engineer,Filled,2025-01-24,2025-03-07,42,"30-59 DAYS",50,1,2,1,2.00
82,JOB-2026-00082,Senior Data Analyst,Closed,2026-05-13,2026-06-24,42,"30-59 DAYS",51,2,2,0,0.00
799,JOB-2026-00799,Senior Java Developer,Closed,2026-09-14,2026-10-26,42,"30-59 DAYS",0,0,0,0,
877,JOB-2026-00877,Data Scientist,On Hold,2026-07-02,,42,"30-59 DAYS",0,0,0,0,
833,JOB-2026-00833,Data Analyst,Closed,2025-02-20,2025-04-02,41,"30-59 DAYS",40,2,0,0,0.00
760,JOB-2026-00760,DevOps Engineer,Closed,2026-06-16,2026-07-27,41,"30-59 DAYS",35,3,1,0,0.00
834,JOB-2026-00834,AI Engineer,Closed,2026-01-02,2026-02-12,41,"30-59 DAYS",51,4,2,1,1.96
242,JOB-2026-00242,DevOps Engineer,Closed,2025-10-30,2025-12-10,41,"30-59 DAYS",44,2,3,2,4.55
744,JOB-2026-00744,DevOps Engineer,Closed,2026-03-21,2026-05-01,41,"30-59 DAYS",47,3,2,0,0.00
223,JOB-2026-00223,Senior Data Analyst,Open,2026-07-03,,41,"30-59 DAYS",37,2,2,0,0.00
776,JOB-2026-00776,Full Stack Developer,Closed,2026-08-23,2026-10-03,41,"30-59 DAYS",0,0,0,0,
534,JOB-2026-00534,AI Engineer,Open,2026-07-03,,41,"30-59 DAYS",37,1,2,1,2.70
678,JOB-2026-00678,ML Engineer,Filled,2026-07-26,2026-09-05,41,"30-59 DAYS",34,1,3,0,0.00
970,JOB-2026-00970,Data Scientist,Closed,2026-10-23,2026-12-02,40,"30-59 DAYS",0,0,0,0,
260,JOB-2026-00260,Senior Java Developer,Filled,2026-07-20,2026-08-29,40,"30-59 DAYS",42,1,0,1,2.38
701,JOB-2026-00701,Data Analyst,Filled,2025-06-24,2025-08-03,40,"30-59 DAYS",35,1,2,0,0.00
860,JOB-2026-00860,DevOps Engineer,Filled,2025-07-02,2025-08-11,40,"30-59 DAYS",62,3,1,0,0.00
404,JOB-2026-00404,Java Developer,Filled,2025-08-22,2025-10-01,40,"30-59 DAYS",47,4,2,0,0.00
146,JOB-2026-00146,Java Developer,Filled,2026-01-15,2026-02-23,39,"30-59 DAYS",45,2,1,0,0.00
610,JOB-2026-00610,ML Engineer,Filled,2025-09-11,2025-10-19,38,"30-59 DAYS",39,1,1,0,0.00
871,JOB-2026-00871,Business Analyst,Filled,2025-06-26,2025-08-03,38,"30-59 DAYS",41,0,3,1,2.44
451,JOB-2026-00451,Business Analyst,Filled,2025-07-04,2025-08-11,38,"30-59 DAYS",41,2,2,0,0.00
700,JOB-2026-00700,Data Analyst,Closed,2025-02-26,2025-04-05,38,"30-59 DAYS",50,4,3,1,2.00
204,JOB-2026-00204,Senior Java Developer,Closed,2026-12-01,2027-01-08,38,"30-59 DAYS",0,0,0,0,
325,JOB-2026-00325,DevOps Engineer,Closed,2026-06-23,2026-07-30,37,"30-59 DAYS",46,3,0,0,0.00
560,JOB-2026-00560,Java Developer,On Hold,2026-07-07,,37,"30-59 DAYS",0,0,0,0,
790,JOB-2026-00790,Java Developer,Closed,2026-11-23,2026-12-30,37,"30-59 DAYS",0,0,0,0,
544,JOB-2026-00544,Java Developer,Filled,2025-04-06,2025-05-13,37,"30-59 DAYS",40,2,0,1,2.50
353,JOB-2026-00353,Business Analyst,Closed,2025-03-31,2025-05-07,37,"30-59 DAYS",47,2,2,0,0.00
897,JOB-2026-00897,Data Scientist,Closed,2025-05-19,2025-06-24,36,"30-59 DAYS",48,3,2,1,2.08
545,JOB-2026-00545,ML Engineer,Closed,2026-04-11,2026-05-17,36,"30-59 DAYS",33,2,1,1,3.03
964,JOB-2026-00964,Java Developer,Filled,2026-07-21,2026-08-26,36,"30-59 DAYS",47,3,0,0,0.00
930,JOB-2026-00930,Java Developer,Filled,2025-12-02,2026-01-07,36,"30-59 DAYS",50,3,2,1,2.00
508,JOB-2026-00508,ML Engineer,Open,2026-07-09,,35,"30-59 DAYS",47,0,4,2,4.26
546,JOB-2026-00546,Senior Java Developer,Filled,2025-11-14,2025-12-19,35,"30-59 DAYS",48,3,1,1,2.08
2,JOB-2026-00002,DevOps Engineer,Filled,2026-08-27,2026-10-01,35,"30-59 DAYS",0,0,0,0,
551,JOB-2026-00551,Senior Data Analyst,Filled,2026-03-25,2026-04-29,35,"30-59 DAYS",50,3,2,2,4.00
931,JOB-2026-00931,Data Analyst,Closed,2026-04-01,2026-05-06,35,"30-59 DAYS",49,4,1,1,2.04
803,JOB-2026-00803,Java Developer,Filled,2026-07-20,2026-08-24,35,"30-59 DAYS",44,4,1,2,4.55
656,JOB-2026-00656,Java Developer,Closed,2026-03-15,2026-04-19,35,"30-59 DAYS",50,1,2,0,0.00
263,JOB-2026-00263,Senior Data Analyst,Filled,2025-07-08,2025-08-12,35,"30-59 DAYS",57,1,2,0,0.00
599,JOB-2026-00599,Senior Java Developer,Closed,2025-09-23,2025-10-27,34,"30-59 DAYS",39,0,2,0,0.00
685,JOB-2026-00685,AI Engineer,Filled,2025-06-20,2025-07-23,33,"30-59 DAYS",47,0,2,0,0.00
628,JOB-2026-00628,DevOps Engineer,Closed,2025-08-18,2025-09-20,33,"30-59 DAYS",42,1,1,0,0.00
719,JOB-2026-00719,AI Engineer,Filled,2025-05-06,2025-06-08,33,"30-59 DAYS",47,2,1,0,0.00
586,JOB-2026-00586,AI Engineer,Filled,2026-08-13,2026-09-15,33,"30-59 DAYS",0,0,0,0,
390,JOB-2026-00390,Senior Data Analyst,Closed,2026-02-07,2026-03-12,33,"30-59 DAYS",41,1,3,0,0.00
69,JOB-2026-00069,Business Analyst,Closed,2026-12-19,2027-01-20,32,"30-59 DAYS",0,0,0,0,
592,JOB-2026-00592,Senior Data Analyst,On Hold,2026-07-12,,32,"30-59 DAYS",0,0,0,0,
179,JOB-2026-00179,DevOps Engineer,Filled,2026-02-26,2026-03-29,31,"30-59 DAYS",40,5,1,0,0.00
19,JOB-2026-00019,Data Analyst,Closed,2025-03-17,2025-04-17,31,"30-59 DAYS",58,0,2,0,0.00
845,JOB-2026-00845,Data Scientist,Filled,2025-04-24,2025-05-25,31,"30-59 DAYS",43,2,1,0,0.00
615,JOB-2026-00615,Java Developer,Filled,2026-08-22,2026-09-22,31,"30-59 DAYS",0,0,0,0,
92,JOB-2026-00092,Business Analyst,Filled,2025-11-14,2025-12-15,31,"30-59 DAYS",43,1,1,0,0.00
955,JOB-2026-00955,AI Engineer,Filled,2026-04-06,2026-05-07,31,"30-59 DAYS",44,2,2,1,2.27
770,JOB-2026-00770,Data Analyst,Filled,2026-12-24,2027-01-24,31,"30-59 DAYS",0,0,0,0,
758,JOB-2026-00758,Senior Data Analyst,Closed,2025-05-11,2025-06-10,30,"30-59 DAYS",34,2,1,0,0.00
855,JOB-2026-00855,Senior Java Developer,Closed,2026-08-28,2026-09-27,30,"30-59 DAYS",0,0,0,0,
588,JOB-2026-00588,Senior Data Analyst,Closed,2026-10-10,2026-11-09,30,"30-59 DAYS",0,0,0,0,
177,JOB-2026-00177,AI Engineer,Closed,2025-09-27,2025-10-27,30,"30-59 DAYS",46,4,0,0,0.00
996,JOB-2026-00996,Java Developer,Closed,2025-09-02,2025-10-02,30,"30-59 DAYS",42,2,4,0,0.00
655,JOB-2026-00655,Data Analyst,Filled,2025-11-06,2025-12-06,30,"30-59 DAYS",45,0,2,0,0.00
120,JOB-2026-00120,Senior Data Analyst,Filled,2026-07-18,2026-08-17,30,"30-59 DAYS",46,2,1,0,0.00
629,JOB-2026-00629,Data Scientist,Filled,2025-10-16,2025-11-15,30,"30-59 DAYS",46,4,3,1,2.17
457,JOB-2026-00457,Senior Java Developer,Filled,2026-05-18,2026-06-16,29,"0-29 DAYS",42,2,0,1,2.38
475,JOB-2026-00475,ML Engineer,Open,2026-07-15,,29,"0-29 DAYS",40,3,1,0,0.00
169,JOB-2026-00169,Full Stack Developer,Filled,2025-03-10,2025-04-08,29,"0-29 DAYS",38,4,2,0,0.00
348,JOB-2026-00348,Data Analyst,Filled,2026-10-24,2026-11-22,29,"0-29 DAYS",0,0,0,0,
86,JOB-2026-00086,ML Engineer,Closed,2025-12-08,2026-01-06,29,"0-29 DAYS",42,2,5,1,2.38
453,JOB-2026-00453,ML Engineer,Closed,2026-12-05,2027-01-03,29,"0-29 DAYS",0,0,0,0,
952,JOB-2026-00952,ML Engineer,Filled,2026-01-16,2026-02-14,29,"0-29 DAYS",34,3,0,0,0.00
718,JOB-2026-00718,DevOps Engineer,Closed,2025-10-01,2025-10-29,28,"0-29 DAYS",44,2,1,0,0.00
786,JOB-2026-00786,Data Analyst,Closed,2025-06-17,2025-07-15,28,"0-29 DAYS",48,1,1,0,0.00
75,JOB-2026-00075,DevOps Engineer,Closed,2025-03-04,2025-04-01,28,"0-29 DAYS",49,1,1,0,0.00
844,JOB-2026-00844,Java Developer,Closed,2025-12-16,2026-01-12,27,"0-29 DAYS",51,2,1,0,0.00
129,JOB-2026-00129,AI Engineer,Filled,2025-04-13,2025-05-10,27,"0-29 DAYS",35,3,1,1,2.86
77,JOB-2026-00077,Senior Java Developer,Closed,2025-12-14,2026-01-10,27,"0-29 DAYS",37,1,1,0,0.00
133,JOB-2026-00133,AI Engineer,Closed,2026-06-12,2026-07-09,27,"0-29 DAYS",30,2,0,0,0.00
847,JOB-2026-00847,DevOps Engineer,Closed,2026-12-12,2027-01-08,27,"0-29 DAYS",0,0,0,0,
522,JOB-2026-00522,Senior Data Analyst,Filled,2025-12-04,2025-12-31,27,"0-29 DAYS",43,2,2,0,0.00
824,JOB-2026-00824,Data Analyst,Closed,2025-10-14,2025-11-10,27,"0-29 DAYS",43,3,1,1,2.33
979,JOB-2026-00979,AI Engineer,Filled,2025-02-22,2025-03-21,27,"0-29 DAYS",39,4,0,0,0.00
41,JOB-2026-00041,Full Stack Developer,Filled,2025-10-02,2025-10-28,26,"0-29 DAYS",30,1,1,0,0.00
225,JOB-2026-00225,ML Engineer,Filled,2025-10-03,2025-10-29,26,"0-29 DAYS",29,4,0,0,0.00
198,JOB-2026-00198,AI Engineer,Filled,2026-05-19,2026-06-14,26,"0-29 DAYS",36,2,3,2,5.56
645,JOB-2026-00645,Java Developer,Closed,2025-03-11,2025-04-06,26,"0-29 DAYS",31,3,0,0,0.00
455,JOB-2026-00455,Senior Data Analyst,Filled,2025-03-07,2025-04-02,26,"0-29 DAYS",47,3,1,0,0.00
651,JOB-2026-00651,Full Stack Developer,Filled,2026-11-17,2026-12-13,26,"0-29 DAYS",0,0,0,0,
858,JOB-2026-00858,AI Engineer,Filled,2026-02-15,2026-03-13,26,"0-29 DAYS",38,0,0,0,0.00
693,JOB-2026-00693,DevOps Engineer,Closed,2025-05-27,2025-06-21,25,"0-29 DAYS",43,1,1,0,0.00
166,JOB-2026-00166,Senior Java Developer,Filled,2026-12-20,2027-01-14,25,"0-29 DAYS",0,0,0,0,
634,JOB-2026-00634,Data Scientist,Open,2026-07-19,,25,"0-29 DAYS",50,3,1,0,0.00
307,JOB-2026-00307,Senior Data Analyst,Filled,2025-01-27,2025-02-21,25,"0-29 DAYS",43,3,0,2,4.65
793,JOB-2026-00793,Senior Java Developer,Filled,2025-09-21,2025-10-16,25,"0-29 DAYS",37,0,1,0,0.00
63,JOB-2026-00063,ML Engineer,Closed,2026-04-22,2026-05-16,24,"0-29 DAYS",39,3,2,1,2.56
429,JOB-2026-00429,Java Developer,Filled,2025-10-24,2025-11-17,24,"0-29 DAYS",45,2,2,0,0.00
921,JOB-2026-00921,Data Analyst,Open,2026-07-20,,24,"0-29 DAYS",43,3,1,1,2.33
947,JOB-2026-00947,Data Scientist,Filled,2025-12-06,2025-12-30,24,"0-29 DAYS",37,2,2,0,0.00
371,JOB-2026-00371,Senior Java Developer,Filled,2026-12-12,2027-01-05,24,"0-29 DAYS",0,0,0,0,
975,JOB-2026-00975,Data Scientist,Filled,2025-06-15,2025-07-08,23,"0-29 DAYS",40,3,0,0,0.00
524,JOB-2026-00524,Senior Data Analyst,Filled,2025-02-26,2025-03-21,23,"0-29 DAYS",48,2,2,0,0.00
909,JOB-2026-00909,Senior Data Analyst,Filled,2026-12-16,2027-01-08,23,"0-29 DAYS",0,0,0,0,
270,JOB-2026-00270,Data Scientist,Open,2026-07-21,,23,"0-29 DAYS",48,0,0,0,0.00
533,JOB-2026-00533,AI Engineer,Filled,2026-06-24,2026-07-17,23,"0-29 DAYS",53,5,1,0,0.00
973,JOB-2026-00973,Data Scientist,Open,2026-07-21,,23,"0-29 DAYS",44,2,1,0,0.00
906,JOB-2026-00906,Full Stack Developer,Closed,2025-10-22,2025-11-13,22,"0-29 DAYS",39,2,0,1,2.56
112,JOB-2026-00112,Java Developer,Closed,2025-07-06,2025-07-28,22,"0-29 DAYS",35,2,2,0,0.00
605,JOB-2026-00605,Senior Java Developer,Filled,2025-02-06,2025-02-28,22,"0-29 DAYS",43,6,1,1,2.33
638,JOB-2026-00638,ML Engineer,Closed,2025-05-09,2025-05-31,22,"0-29 DAYS",41,2,3,1,2.44
870,JOB-2026-00870,Senior Data Analyst,Filled,2026-06-21,2026-07-13,22,"0-29 DAYS",35,4,0,0,0.00
323,JOB-2026-00323,Data Analyst,Closed,2026-06-23,2026-07-14,21,"0-29 DAYS",34,2,0,0,0.00
458,JOB-2026-00458,Java Developer,Filled,2025-02-05,2025-02-26,21,"0-29 DAYS",38,2,1,0,0.00
301,JOB-2026-00301,AI Engineer,Open,2026-07-23,,21,"0-29 DAYS",45,3,1,1,2.22
302,JOB-2026-00302,DevOps Engineer,Filled,2025-11-04,2025-11-25,21,"0-29 DAYS",37,1,1,0,0.00
347,JOB-2026-00347,DevOps Engineer,Filled,2026-07-26,2026-08-16,21,"0-29 DAYS",39,2,1,0,0.00
511,JOB-2026-00511,Business Analyst,Open,2026-07-23,,21,"0-29 DAYS",46,3,0,1,2.17
142,JOB-2026-00142,AI Engineer,Filled,2025-02-04,2025-02-25,21,"0-29 DAYS",49,3,1,0,0.00
254,JOB-2026-00254,Full Stack Developer,Closed,2025-05-18,2025-06-08,21,"0-29 DAYS",38,2,1,1,2.63
598,JOB-2026-00598,Senior Data Analyst,Filled,2025-10-16,2025-11-06,21,"0-29 DAYS",43,0,2,1,2.33
512,JOB-2026-00512,Data Scientist,Open,2026-07-23,,21,"0-29 DAYS",35,1,3,0,0.00
155,JOB-2026-00155,Senior Data Analyst,Closed,2025-08-05,2025-08-25,20,"0-29 DAYS",35,1,0,0,0.00
103,JOB-2026-00103,Data Scientist,Filled,2025-10-28,2025-11-17,20,"0-29 DAYS",37,2,1,1,2.70
421,JOB-2026-00421,Data Scientist,Closed,2026-12-07,2026-12-27,20,"0-29 DAYS",0,0,0,0,
554,JOB-2026-00554,AI Engineer,Filled,2025-04-09,2025-04-29,20,"0-29 DAYS",46,3,6,0,0.00
385,JOB-2026-00385,Data Analyst,Filled,2026-11-26,2026-12-16,20,"0-29 DAYS",0,0,0,0,
78,JOB-2026-00078,Senior Java Developer,On Hold,2026-07-24,,20,"0-29 DAYS",0,0,0,0,
144,JOB-2026-00144,Business Analyst,On Hold,2026-07-24,,20,"0-29 DAYS",0,0,0,0,
934,JOB-2026-00934,Data Analyst,Closed,2026-02-27,2026-03-19,20,"0-29 DAYS",47,2,2,0,0.00
24,JOB-2026-00024,Java Developer,Closed,2025-06-13,2025-07-02,19,"0-29 DAYS",31,1,0,0,0.00
362,JOB-2026-00362,Full Stack Developer,Closed,2025-11-06,2025-11-25,19,"0-29 DAYS",40,2,2,0,0.00
467,JOB-2026-00467,Business Analyst,Open,2026-07-25,,19,"0-29 DAYS",49,2,2,0,0.00
378,JOB-2026-00378,Full Stack Developer,Closed,2025-10-03,2025-10-22,19,"0-29 DAYS",36,2,1,0,0.00
669,JOB-2026-00669,Senior Java Developer,Closed,2026-01-18,2026-02-06,19,"0-29 DAYS",41,3,0,0,0.00
995,JOB-2026-00995,AI Engineer,Filled,2025-09-04,2025-09-23,19,"0-29 DAYS",57,3,0,0,0.00
640,JOB-2026-00640,AI Engineer,Filled,2025-07-12,2025-07-31,19,"0-29 DAYS",43,5,1,1,2.33
494,JOB-2026-00494,Senior Data Analyst,Closed,2025-06-18,2025-07-07,19,"0-29 DAYS",39,5,2,0,0.00
883,JOB-2026-00883,Senior Java Developer,Closed,2026-05-25,2026-06-13,19,"0-29 DAYS",37,2,1,0,0.00
989,JOB-2026-00989,Java Developer,Closed,2026-03-19,2026-04-06,18,"0-29 DAYS",45,0,3,0,0.00
944,JOB-2026-00944,DevOps Engineer,Closed,2026-09-28,2026-10-16,18,"0-29 DAYS",0,0,0,0,
226,JOB-2026-00226,Data Scientist,Filled,2026-02-18,2026-03-08,18,"0-29 DAYS",39,0,2,0,0.00
269,JOB-2026-00269,ML Engineer,Filled,2026-03-25,2026-04-12,18,"0-29 DAYS",38,2,0,0,0.00
334,JOB-2026-00334,Senior Java Developer,Closed,2025-07-15,2025-08-02,18,"0-29 DAYS",42,2,0,0,0.00
780,JOB-2026-00780,AI Engineer,Closed,2026-03-13,2026-03-31,18,"0-29 DAYS",36,0,2,0,0.00
830,JOB-2026-00830,Senior Java Developer,Filled,2025-10-28,2025-11-14,17,"0-29 DAYS",47,1,5,1,2.13
720,JOB-2026-00720,Business Analyst,Closed,2025-03-03,2025-03-20,17,"0-29 DAYS",39,1,4,0,0.00
925,JOB-2026-00925,Data Scientist,Filled,2025-11-27,2025-12-14,17,"0-29 DAYS",49,4,3,0,0.00
152,JOB-2026-00152,Business Analyst,Closed,2025-01-07,2025-01-24,17,"0-29 DAYS",35,1,2,1,2.86
149,JOB-2026-00149,AI Engineer,Filled,2025-02-16,2025-03-05,17,"0-29 DAYS",50,3,0,0,0.00
84,JOB-2026-00084,DevOps Engineer,Open,2026-07-27,,17,"0-29 DAYS",34,2,1,1,2.94
426,JOB-2026-00426,ML Engineer,Open,2026-07-27,,17,"0-29 DAYS",36,1,2,0,0.00
430,JOB-2026-00430,ML Engineer,Filled,2026-07-02,2026-07-18,16,"0-29 DAYS",37,1,3,1,2.70
170,JOB-2026-00170,Data Scientist,Open,2026-07-28,,16,"0-29 DAYS",39,2,3,1,2.56
196,JOB-2026-00196,Senior Java Developer,Closed,2025-11-15,2025-12-01,16,"0-29 DAYS",48,2,3,1,2.08
303,JOB-2026-00303,Java Developer,Open,2026-07-28,,16,"0-29 DAYS",34,1,0,0,0.00
8,JOB-2026-00008,Senior Java Developer,Filled,2026-06-26,2026-07-12,16,"0-29 DAYS",35,2,0,0,0.00
466,JOB-2026-00466,Business Analyst,Closed,2026-08-20,2026-09-05,16,"0-29 DAYS",0,0,0,0,
619,JOB-2026-00619,ML Engineer,Closed,2025-06-13,2025-06-29,16,"0-29 DAYS",62,7,2,0,0.00
919,JOB-2026-00919,AI Engineer,Filled,2025-09-12,2025-09-28,16,"0-29 DAYS",36,3,0,0,0.00
315,JOB-2026-00315,Senior Java Developer,Filled,2025-07-05,2025-07-21,16,"0-29 DAYS",59,4,3,0,0.00
194,JOB-2026-00194,Senior Data Analyst,Filled,2026-06-06,2026-06-22,16,"0-29 DAYS",36,0,1,0,0.00
295,JOB-2026-00295,Senior Data Analyst,Closed,2025-11-20,2025-12-06,16,"0-29 DAYS",37,0,2,1,2.70
131,JOB-2026-00131,Data Scientist,Filled,2025-07-10,2025-07-26,16,"0-29 DAYS",45,0,0,0,0.00
410,JOB-2026-00410,Data Scientist,Filled,2026-01-15,2026-01-30,15,"0-29 DAYS",43,2,2,2,4.65
412,JOB-2026-00412,Java Developer,Open,2026-07-29,,15,"0-29 DAYS",45,3,2,0,0.00
391,JOB-2026-00391,Business Analyst,Filled,2025-01-20,2025-02-04,15,"0-29 DAYS",54,5,1,0,0.00
28,JOB-2026-00028,AI Engineer,Closed,2026-09-23,2026-10-08,15,"0-29 DAYS",0,0,0,0,
311,JOB-2026-00311,DevOps Engineer,Open,2026-07-29,,15,"0-29 DAYS",50,2,0,1,2.00
867,JOB-2026-00867,AI Engineer,Closed,2025-05-28,2025-06-12,15,"0-29 DAYS",33,3,1,1,3.03
184,JOB-2026-00184,Data Analyst,Filled,2026-03-16,2026-03-31,15,"0-29 DAYS",48,7,1,1,2.08
755,JOB-2026-00755,AI Engineer,Open,2026-07-31,,13,"0-29 DAYS",46,4,2,3,6.52
773,JOB-2026-00773,Java Developer,Open,2026-08-03,,10,"0-29 DAYS",0,0,0,0,
570,JOB-2026-00570,Data Scientist,Open,2026-08-04,,9,"0-29 DAYS",0,0,0,0,
922,JOB-2026-00922,Data Analyst,Open,2026-08-06,,7,"0-29 DAYS",0,0,0,0,
13,JOB-2026-00013,Full Stack Developer,Open,2026-08-08,,5,"0-29 DAYS",0,0,0,0,
769,JOB-2026-00769,Data Analyst,On Hold,2026-08-09,,4,"0-29 DAYS",0,0,0,0,
64,JOB-2026-00064,Full Stack Developer,Open,2026-08-09,,4,"0-29 DAYS",0,0,0,0,
448,JOB-2026-00448,Senior Java Developer,Open,2026-08-10,,3,"0-29 DAYS",0,0,0,0,
296,JOB-2026-00296,Full Stack Developer,On Hold,2026-08-11,,2,"0-29 DAYS",0,0,0,0,
356,JOB-2026-00356,Business Analyst,On Hold,2026-08-12,,1,"0-29 DAYS",0,0,0,0,
738,JOB-2026-00738,AI Engineer,Open,2026-08-12,,1,"0-29 DAYS",0,0,0,0,
34,JOB-2026-00034,Senior Java Developer,Open,2026-08-13,,0,"0-29 DAYS",0,0,0,0,
660,JOB-2026-00660,AI Engineer,On Hold,2026-08-15,,-2,"0-29 DAYS",0,0,0,0,
381,JOB-2026-00381,Business Analyst,Open,2026-08-16,,-3,"0-29 DAYS",0,0,0,0,
690,JOB-2026-00690,ML Engineer,Open,2026-08-17,,-4,"0-29 DAYS",0,0,0,0,
102,JOB-2026-00102,Senior Data Analyst,Open,2026-08-19,,-6,"0-29 DAYS",0,0,0,0,
708,JOB-2026-00708,Senior Java Developer,On Hold,2026-08-20,,-7,"0-29 DAYS",0,0,0,0,
374,JOB-2026-00374,Senior Java Developer,On Hold,2026-08-20,,-7,"0-29 DAYS",0,0,0,0,
850,JOB-2026-00850,ML Engineer,Open,2026-08-23,,-10,"0-29 DAYS",0,0,0,0,
292,JOB-2026-00292,Senior Java Developer,Open,2026-08-24,,-11,"0-29 DAYS",0,0,0,0,
70,JOB-2026-00070,Full Stack Developer,Open,2026-08-25,,-12,"0-29 DAYS",0,0,0,0,
397,JOB-2026-00397,ML Engineer,Open,2026-08-29,,-16,"0-29 DAYS",0,0,0,0,
865,JOB-2026-00865,Data Analyst,On Hold,2026-08-29,,-16,"0-29 DAYS",0,0,0,0,
594,JOB-2026-00594,Data Scientist,Open,2026-08-29,,-16,"0-29 DAYS",0,0,0,0,
611,JOB-2026-00611,Senior Data Analyst,Open,2026-08-29,,-16,"0-29 DAYS",0,0,0,0,
854,JOB-2026-00854,AI Engineer,Open,2026-08-29,,-16,"0-29 DAYS",0,0,0,0,
39,JOB-2026-00039,Senior Java Developer,Open,2026-08-30,,-17,"0-29 DAYS",0,0,0,0,
713,JOB-2026-00713,Data Analyst,On Hold,2026-09-05,,-23,"0-29 DAYS",0,0,0,0,
229,JOB-2026-00229,Data Analyst,Open,2026-09-08,,-26,"0-29 DAYS",0,0,0,0,
868,JOB-2026-00868,Data Scientist,Open,2026-09-08,,-26,"0-29 DAYS",0,0,0,0,
105,JOB-2026-00105,Senior Data Analyst,Open,2026-09-09,,-27,"0-29 DAYS",0,0,0,0,
87,JOB-2026-00087,Data Scientist,Open,2026-09-09,,-27,"0-29 DAYS",0,0,0,0,
917,JOB-2026-00917,Senior Data Analyst,Open,2026-09-10,,-28,"0-29 DAYS",0,0,0,0,
423,JOB-2026-00423,AI Engineer,On Hold,2026-09-12,,-30,"0-29 DAYS",0,0,0,0,
766,JOB-2026-00766,DevOps Engineer,On Hold,2026-09-12,,-30,"0-29 DAYS",0,0,0,0,
11,JOB-2026-00011,DevOps Engineer,On Hold,2026-09-14,,-32,"0-29 DAYS",0,0,0,0,
80,JOB-2026-00080,Senior Java Developer,Open,2026-09-16,,-34,"0-29 DAYS",0,0,0,0,
515,JOB-2026-00515,Java Developer,On Hold,2026-09-16,,-34,"0-29 DAYS",0,0,0,0,
802,JOB-2026-00802,Data Analyst,On Hold,2026-09-17,,-35,"0-29 DAYS",0,0,0,0,
914,JOB-2026-00914,Data Scientist,Open,2026-09-19,,-37,"0-29 DAYS",0,0,0,0,
873,JOB-2026-00873,Full Stack Developer,On Hold,2026-09-20,,-38,"0-29 DAYS",0,0,0,0,
468,JOB-2026-00468,Data Analyst,On Hold,2026-09-27,,-45,"0-29 DAYS",0,0,0,0,
938,JOB-2026-00938,Data Scientist,Open,2026-10-03,,-51,"0-29 DAYS",0,0,0,0,
890,JOB-2026-00890,DevOps Engineer,On Hold,2026-10-04,,-52,"0-29 DAYS",0,0,0,0,
661,JOB-2026-00661,DevOps Engineer,Open,2026-10-05,,-53,"0-29 DAYS",0,0,0,0,
617,JOB-2026-00617,DevOps Engineer,On Hold,2026-10-07,,-55,"0-29 DAYS",0,0,0,0,
981,JOB-2026-00981,Data Analyst,Open,2026-10-08,,-56,"0-29 DAYS",0,0,0,0,
91,JOB-2026-00091,Senior Java Developer,Open,2026-10-09,,-57,"0-29 DAYS",0,0,0,0,
665,JOB-2026-00665,ML Engineer,Open,2026-10-09,,-57,"0-29 DAYS",0,0,0,0,
165,JOB-2026-00165,Senior Java Developer,Open,2026-10-11,,-59,"0-29 DAYS",0,0,0,0,
331,JOB-2026-00331,Senior Data Analyst,Open,2026-10-12,,-60,"0-29 DAYS",0,0,0,0,
561,JOB-2026-00561,Full Stack Developer,Open,2026-10-12,,-60,"0-29 DAYS",0,0,0,0,
817,JOB-2026-00817,Full Stack Developer,On Hold,2026-10-13,,-61,"0-29 DAYS",0,0,0,0,
536,JOB-2026-00536,Full Stack Developer,Open,2026-10-16,,-64,"0-29 DAYS",0,0,0,0,
648,JOB-2026-00648,Senior Data Analyst,Open,2026-10-20,,-68,"0-29 DAYS",0,0,0,0,
115,JOB-2026-00115,Full Stack Developer,Open,2026-10-20,,-68,"0-29 DAYS",0,0,0,0,
875,JOB-2026-00875,DevOps Engineer,Open,2026-10-21,,-69,"0-29 DAYS",0,0,0,0,
673,JOB-2026-00673,Business Analyst,On Hold,2026-10-22,,-70,"0-29 DAYS",0,0,0,0,
978,JOB-2026-00978,Data Scientist,Open,2026-10-27,,-75,"0-29 DAYS",0,0,0,0,
657,JOB-2026-00657,Senior Data Analyst,On Hold,2026-10-28,,-76,"0-29 DAYS",0,0,0,0,
37,JOB-2026-00037,DevOps Engineer,Open,2026-10-28,,-76,"0-29 DAYS",0,0,0,0,
732,JOB-2026-00732,DevOps Engineer,Open,2026-11-01,,-80,"0-29 DAYS",0,0,0,0,
972,JOB-2026-00972,Senior Data Analyst,Open,2026-11-02,,-81,"0-29 DAYS",0,0,0,0,
123,JOB-2026-00123,Data Analyst,Open,2026-11-03,,-82,"0-29 DAYS",0,0,0,0,
717,JOB-2026-00717,Business Analyst,Open,2026-11-04,,-83,"0-29 DAYS",0,0,0,0,
607,JOB-2026-00607,DevOps Engineer,Open,2026-11-04,,-83,"0-29 DAYS",0,0,0,0,
832,JOB-2026-00832,Senior Data Analyst,Open,2026-11-05,,-84,"0-29 DAYS",0,0,0,0,
704,JOB-2026-00704,Full Stack Developer,Open,2026-11-06,,-85,"0-29 DAYS",0,0,0,0,
94,JOB-2026-00094,DevOps Engineer,Open,2026-11-09,,-88,"0-29 DAYS",0,0,0,0,
16,JOB-2026-00016,Full Stack Developer,Open,2026-11-09,,-88,"0-29 DAYS",0,0,0,0,
577,JOB-2026-00577,Data Scientist,Open,2026-11-10,,-89,"0-29 DAYS",0,0,0,0,
20,JOB-2026-00020,DevOps Engineer,Open,2026-11-11,,-90,"0-29 DAYS",0,0,0,0,
581,JOB-2026-00581,Java Developer,Open,2026-11-11,,-90,"0-29 DAYS",0,0,0,0,
27,JOB-2026-00027,AI Engineer,Open,2026-11-12,,-91,"0-29 DAYS",0,0,0,0,
739,JOB-2026-00739,ML Engineer,Open,2026-11-14,,-93,"0-29 DAYS",0,0,0,0,
557,JOB-2026-00557,Data Scientist,Open,2026-11-14,,-93,"0-29 DAYS",0,0,0,0,
278,JOB-2026-00278,ML Engineer,On Hold,2026-11-16,,-95,"0-29 DAYS",0,0,0,0,
53,JOB-2026-00053,Java Developer,Open,2026-11-18,,-97,"0-29 DAYS",0,0,0,0,
516,JOB-2026-00516,Senior Data Analyst,On Hold,2026-11-20,,-99,"0-29 DAYS",0,0,0,0,
771,JOB-2026-00771,AI Engineer,Open,2026-11-20,,-99,"0-29 DAYS",0,0,0,0,
68,JOB-2026-00068,DevOps Engineer,Open,2026-11-20,,-99,"0-29 DAYS",0,0,0,0,
414,JOB-2026-00414,DevOps Engineer,Open,2026-11-21,,-100,"0-29 DAYS",0,0,0,0,
268,JOB-2026-00268,Senior Java Developer,Open,2026-11-21,,-100,"0-29 DAYS",0,0,0,0,
691,JOB-2026-00691,Full Stack Developer,On Hold,2026-11-29,,-108,"0-29 DAYS",0,0,0,0,
62,JOB-2026-00062,AI Engineer,Open,2026-11-30,,-109,"0-29 DAYS",0,0,0,0,
857,JOB-2026-00857,Data Analyst,On Hold,2026-12-01,,-110,"0-29 DAYS",0,0,0,0,
221,JOB-2026-00221,Data Scientist,On Hold,2026-12-01,,-110,"0-29 DAYS",0,0,0,0,
261,JOB-2026-00261,AI Engineer,On Hold,2026-12-01,,-110,"0-29 DAYS",0,0,0,0,
372,JOB-2026-00372,Senior Java Developer,Open,2026-12-03,,-112,"0-29 DAYS",0,0,0,0,
427,JOB-2026-00427,ML Engineer,Open,2026-12-06,,-115,"0-29 DAYS",0,0,0,0,
49,JOB-2026-00049,Data Scientist,Open,2026-12-07,,-116,"0-29 DAYS",0,0,0,0,
228,JOB-2026-00228,Java Developer,Open,2026-12-07,,-116,"0-29 DAYS",0,0,0,0,
22,JOB-2026-00022,DevOps Engineer,Open,2026-12-09,,-118,"0-29 DAYS",0,0,0,0,
389,JOB-2026-00389,Senior Data Analyst,Open,2026-12-10,,-119,"0-29 DAYS",0,0,0,0,
595,JOB-2026-00595,Full Stack Developer,Open,2026-12-13,,-122,"0-29 DAYS",0,0,0,0,
31,JOB-2026-00031,Senior Data Analyst,Open,2026-12-14,,-123,"0-29 DAYS",0,0,0,0,
219,JOB-2026-00219,ML Engineer,Open,2026-12-15,,-124,"0-29 DAYS",0,0,0,0,
707,JOB-2026-00707,Data Analyst,Open,2026-12-17,,-126,"0-29 DAYS",0,0,0,0,
191,JOB-2026-00191,Senior Java Developer,On Hold,2026-12-17,,-126,"0-29 DAYS",0,0,0,0,
518,JOB-2026-00518,Java Developer,Open,2026-12-22,,-131,"0-29 DAYS",0,0,0,0,
916,JOB-2026-00916,Java Developer,Open,2026-12-27,,-136,"0-29 DAYS",0,0,0,0,
262,JOB-2026-00262,ML Engineer,Open,2026-12-28,,-137,"0-29 DAYS",0,0,0,0,
469,JOB-2026-00469,Full Stack Developer,Open,2026-12-29,,-138,"0-29 DAYS",0,0,0,0,
