"offer_id","application_id","offer_date","offered_salary","offer_status","joining_date","candidate_id","job_id","job_title","min_salary","max_salary","salary_position","difference_from_salary_midpoint","final_offer_status"
419,21184,2026-06-21,190000.00,Declined,,1279,976,DevOps Engineer,93156.00,147565.00,ABOVE RANGE,69639.50,Declined
206,21275,2026-05-04,190000.00,Accepted,2026-05-23,6909,544,Java Developer,82188.00,122153.00,ABOVE RANGE,87829.50,Accepted
532,23637,2026-04-21,190000.00,Negotiating,,4545,958,Senior Data Analyst,73182.00,110958.00,ABOVE RANGE,97930.00,Negotiating
441,25116,2025-12-16,190000.00,Rescinded,,7396,154,AI Engineer,53300.00,75376.00,ABOVE RANGE,125662.00,Rescinded
374,17158,2026-08-05,189000.00,Accepted,2026-09-11,7610,314,Data Scientist,42129.00,76362.00,ABOVE RANGE,129754.50,Accepted
298,12034,2026-05-21,189000.00,Accepted,2026-06-08,3710,809,AI Engineer,73080.00,116851.00,ABOVE RANGE,94034.50,Accepted
404,9433,2026-04-06,189000.00,Negotiating,,5984,41,Full Stack Developer,81408.00,140236.00,ABOVE RANGE,78178.00,Negotiating
40,27035,2026-09-09,188000.00,Accepted,2026-10-08,8621,441,Senior Java Developer,97279.00,156808.00,ABOVE RANGE,60956.50,Accepted
6,14376,2025-04-28,188000.00,Negotiating,,9350,505,AI Engineer,76662.00,132116.00,ABOVE RANGE,83611.00,Negotiating
380,9136,2026-09-19,188000.00,Accepted,2026-10-28,7890,393,Java Developer,49920.00,96174.00,ABOVE RANGE,114953.00,Accepted
192,27900,2026-09-09,188000.00,Declined,,5493,419,ML Engineer,69066.00,102511.00,ABOVE RANGE,102211.50,Declined
216,13429,2026-07-15,187000.00,Declined,,812,42,Data Scientist,70422.00,113675.00,ABOVE RANGE,94951.50,Declined
187,483,2026-08-15,187000.00,Accepted,2026-10-05,1297,439,Full Stack Developer,104080.00,135830.00,ABOVE RANGE,67045.00,Accepted
501,3371,2026-08-18,187000.00,Declined,,8907,918,Java Developer,55812.00,112635.00,ABOVE RANGE,102776.50,Declined
228,22882,2026-08-10,187000.00,Accepted,2026-08-27,1668,546,Senior Java Developer,66384.00,99863.00,ABOVE RANGE,103876.50,Accepted
55,6083,2026-01-16,187000.00,Accepted,2026-03-12,5167,584,Data Scientist,43464.00,89172.00,ABOVE RANGE,120682.00,Accepted
330,7010,2026-05-03,187000.00,Accepted,2026-06-19,4047,234,Java Developer,48536.00,106911.00,ABOVE RANGE,109276.50,Accepted
10,9349,2026-06-18,187000.00,Negotiating,,2734,840,ML Engineer,63225.00,118613.00,ABOVE RANGE,96081.00,Negotiating
134,8571,2026-06-26,187000.00,Rescinded,,1301,692,ML Engineer,88088.00,111574.00,ABOVE RANGE,87169.00,Rescinded
322,7422,2026-03-07,187000.00,Accepted,2026-04-26,2128,410,Data Scientist,106560.00,138680.00,ABOVE RANGE,64380.00,Accepted
304,7224,2026-09-14,186000.00,Accepted,2026-10-30,1351,828,Senior Java Developer,70650.00,112084.00,ABOVE RANGE,94633.00,Accepted
284,13967,2026-06-16,186000.00,Accepted,2026-07-05,9612,767,Senior Java Developer,128520.00,160186.00,ABOVE RANGE,41647.00,Accepted
401,11477,2026-08-04,186000.00,Accepted,2026-09-04,7194,772,Senior Data Analyst,70540.00,100207.00,ABOVE RANGE,100626.50,Accepted
196,22337,2026-04-26,186000.00,Negotiating,,321,539,AI Engineer,32913.00,57588.00,ABOVE RANGE,140749.50,Negotiating
358,225,2026-08-22,186000.00,Declined,,191,146,Java Developer,74529.00,124006.00,ABOVE RANGE,86732.50,Declined
406,24264,2026-09-10,186000.00,Accepted,2026-10-08,7869,942,Data Analyst,43964.00,77535.00,ABOVE RANGE,125250.50,Accepted
345,21860,2026-08-03,186000.00,Accepted,2026-09-03,7329,751,DevOps Engineer,83832.00,106603.00,ABOVE RANGE,90782.50,Accepted
170,5907,2026-08-01,185000.00,Negotiating,,2886,332,Senior Java Developer,119000.00,176699.00,ABOVE RANGE,37150.50,Negotiating
63,26618,2026-04-23,185000.00,Accepted,2026-05-14,8518,622,Data Analyst,47184.00,85513.00,ABOVE RANGE,118651.50,Accepted
214,7628,2026-08-16,185000.00,Accepted,2026-10-13,5487,440,Data Scientist,38937.00,71984.00,ABOVE RANGE,129539.50,Accepted
498,23892,2026-06-06,185000.00,Rescinded,,937,484,Full Stack Developer,83172.00,104458.00,ABOVE RANGE,91185.00,Rescinded
185,20023,2025-09-22,185000.00,Rescinded,,8125,982,Full Stack Developer,81300.00,134983.00,ABOVE RANGE,76858.50,Rescinded
467,20720,2026-09-03,185000.00,Accepted,2026-10-31,352,864,Data Scientist,42471.00,93648.00,ABOVE RANGE,116940.50,Accepted
476,21823,2026-06-14,185000.00,Accepted,2026-07-21,1307,364,Data Analyst,64278.00,106120.00,ABOVE RANGE,99801.00,Accepted
131,14713,2026-08-19,184000.00,Accepted,2026-10-13,1016,396,DevOps Engineer,58984.00,94252.00,ABOVE RANGE,107382.00,Accepted
120,20807,2026-05-16,184000.00,Accepted,2026-06-23,628,357,Business Analyst,37137.00,69821.00,ABOVE RANGE,130521.00,Accepted
459,1154,2026-08-30,184000.00,Accepted,2026-10-05,5864,535,Full Stack Developer,84248.00,115220.00,ABOVE RANGE,84266.00,Accepted
256,19390,2026-09-09,184000.00,Accepted,2026-09-28,4338,826,Data Scientist,37713.00,81386.00,ABOVE RANGE,124450.50,Accepted
447,17721,2026-07-07,183000.00,Accepted,2026-08-07,8247,804,Data Analyst,44193.00,94416.00,ABOVE RANGE,113695.50,Accepted
137,13358,2026-09-11,183000.00,Accepted,2026-09-27,9412,563,Senior Java Developer,83688.00,104986.00,ABOVE RANGE,88663.00,Accepted
195,3515,2026-01-25,183000.00,Accepted,2026-02-10,3197,747,Full Stack Developer,93625.00,129016.00,ABOVE RANGE,71679.50,Accepted
334,1996,2026-07-30,183000.00,Rescinded,,1329,730,Senior Data Analyst,47356.00,104410.00,ABOVE RANGE,107117.00,Rescinded
139,29054,2025-06-21,183000.00,Extended,,6817,505,AI Engineer,76662.00,132116.00,ABOVE RANGE,78611.00,Extended
558,23805,2026-05-30,183000.00,Extended,,6797,74,Data Analyst,36519.00,59953.00,ABOVE RANGE,134764.00,Extended
129,22935,2026-07-23,182000.00,Extended,,9955,979,AI Engineer,66408.00,113657.00,ABOVE RANGE,91967.50,Extended
270,10675,2026-08-01,182000.00,Declined,,8461,643,Data Scientist,90552.00,143426.00,ABOVE RANGE,65011.00,Declined
44,14730,2026-06-14,181000.00,Rescinded,,6866,596,DevOps Engineer,79401.00,126905.00,ABOVE RANGE,77847.00,Rescinded
117,16494,2026-05-31,181000.00,Declined,,6881,999,AI Engineer,91824.00,139209.00,ABOVE RANGE,65483.50,Declined
124,10990,2026-03-03,181000.00,Negotiating,,6542,715,DevOps Engineer,43784.00,92485.00,ABOVE RANGE,112865.50,Negotiating
160,17531,2026-09-12,180000.00,Accepted,2026-10-16,2514,508,ML Engineer,43756.00,70265.00,ABOVE RANGE,122989.50,Accepted
326,1925,2026-07-07,180000.00,Accepted,2026-07-27,8860,384,Java Developer,24330.00,51931.00,ABOVE RANGE,141869.50,Accepted
435,21364,2026-08-19,180000.00,Accepted,2026-09-29,499,308,Data Scientist,57260.00,88440.00,ABOVE RANGE,107150.00,Accepted
544,20910,2026-08-06,180000.00,Accepted,2026-09-07,1467,962,Senior Data Analyst,95067.00,140421.00,ABOVE RANGE,62256.00,Accepted
276,36,2026-05-18,179000.00,Declined,,359,969,Data Analyst,73415.00,116036.00,ABOVE RANGE,84274.50,Declined
540,13142,2026-06-15,179000.00,Extended,,1698,598,Senior Data Analyst,102864.00,160360.00,ABOVE RANGE,47388.00,Extended
242,621,2026-07-20,179000.00,Accepted,2026-08-28,41,787,Data Scientist,55270.00,112932.00,ABOVE RANGE,94899.00,Accepted
36,29189,2026-09-10,178000.00,Rescinded,,9590,730,Senior Data Analyst,47356.00,104410.00,ABOVE RANGE,102117.00,Rescinded
321,21819,2026-07-26,178000.00,Accepted,2026-09-24,8782,410,Data Scientist,106560.00,138680.00,ABOVE RANGE,55380.00,Accepted
299,10360,2026-04-23,177000.00,Declined,,5473,316,AI Engineer,79122.00,119576.00,ABOVE RANGE,77651.00,Declined
309,4409,2026-01-27,177000.00,Accepted,2026-03-18,8706,86,ML Engineer,115029.00,149549.00,ABOVE RANGE,44711.00,Accepted
13,3041,2025-09-25,177000.00,Declined,,1898,893,DevOps Engineer,68862.00,117893.00,ABOVE RANGE,83622.50,Declined
533,25067,2026-06-22,177000.00,Extended,,3847,129,AI Engineer,95256.00,118696.00,ABOVE RANGE,70024.00,Extended
325,14776,2026-02-01,177000.00,Accepted,2026-02-24,6998,343,Senior Java Developer,95403.00,133346.00,ABOVE RANGE,62625.50,Accepted
450,1637,2025-11-06,177000.00,Declined,,5231,345,Senior Java Developer,69966.00,103372.00,ABOVE RANGE,90331.00,Declined
171,8532,2025-10-26,176000.00,Negotiating,,2623,208,Business Analyst,51756.00,110524.00,ABOVE RANGE,94860.00,Negotiating
250,5822,2026-09-03,176000.00,Declined,,6285,750,Data Scientist,92680.00,127709.00,ABOVE RANGE,65805.50,Declined
438,29227,2026-03-21,175000.00,Declined,,5305,90,Data Analyst,54235.00,96742.00,ABOVE RANGE,99511.50,Declined
268,12059,2026-09-14,175000.00,Declined,,8570,395,DevOps Engineer,100160.00,152907.00,ABOVE RANGE,48466.50,Declined
176,24896,2026-09-05,174000.00,Accepted,2026-10-15,2332,803,Java Developer,29852.00,75367.00,ABOVE RANGE,121390.50,Accepted
557,16686,2026-07-29,174000.00,Accepted,2026-08-20,3563,209,AI Engineer,82544.00,103850.00,ABOVE RANGE,80803.00,Accepted
461,24605,2026-06-11,173000.00,Accepted,2026-07-04,8763,902,Senior Java Developer,102416.00,131089.00,ABOVE RANGE,56247.50,Accepted
92,29058,2026-05-24,173000.00,Accepted,2026-07-04,531,21,ML Engineer,112016.00,148473.00,ABOVE RANGE,42755.50,Accepted
75,3718,2026-03-13,173000.00,Declined,,2057,860,DevOps Engineer,72930.00,128205.00,ABOVE RANGE,72432.50,Declined
402,14992,2026-08-04,173000.00,Declined,,1105,59,Data Scientist,103838.00,145595.00,ABOVE RANGE,48283.50,Declined
127,16365,2026-07-02,173000.00,Accepted,2026-08-05,266,772,Senior Data Analyst,70540.00,100207.00,ABOVE RANGE,87626.50,Accepted
248,10128,2026-02-16,172000.00,Accepted,2026-03-10,3636,555,Senior Java Developer,59515.00,93525.00,ABOVE RANGE,95480.00,Accepted
313,1066,2026-04-12,172000.00,Accepted,2026-05-22,3745,552,Data Analyst,45028.00,93906.00,ABOVE RANGE,102533.00,Accepted
115,25669,2026-03-27,172000.00,Accepted,2026-04-24,6267,853,Senior Java Developer,83712.00,110605.00,ABOVE RANGE,74841.50,Accepted
271,25589,2026-03-22,172000.00,Accepted,2026-04-30,193,728,Senior Java Developer,78204.00,99822.00,ABOVE RANGE,82987.00,Accepted
184,20977,2026-05-20,172000.00,Accepted,2026-06-08,3519,702,Senior Java Developer,108790.00,159196.00,ABOVE RANGE,38007.00,Accepted
507,12545,2025-06-06,172000.00,Declined,,3811,345,Senior Java Developer,69966.00,103372.00,ABOVE RANGE,85331.00,Declined
347,23036,2026-05-22,171000.00,Accepted,2026-07-19,6458,638,ML Engineer,57088.00,101831.00,ABOVE RANGE,91540.50,Accepted
396,7860,2026-05-28,171000.00,Accepted,2026-06-26,3571,969,Data Analyst,73415.00,116036.00,ABOVE RANGE,76274.50,Accepted
564,3906,2026-06-28,171000.00,Accepted,2026-08-14,7707,181,Full Stack Developer,73835.00,93997.00,ABOVE RANGE,87084.00,Accepted
42,25174,2026-07-27,170000.00,Negotiating,,9378,156,Data Scientist,106096.00,131138.00,ABOVE RANGE,51383.00,Negotiating
12,15007,2025-09-03,170000.00,Accepted,2025-11-01,5598,9,ML Engineer,91704.00,144975.00,ABOVE RANGE,51660.50,Accepted
545,22822,2025-10-01,170000.00,Accepted,2025-10-16,5435,926,Data Analyst,44490.00,66849.00,ABOVE RANGE,114330.50,Accepted
509,24586,2026-04-26,170000.00,Accepted,2026-05-23,4902,503,Business Analyst,51990.00,91989.00,ABOVE RANGE,98010.50,Accepted
61,14749,2026-06-07,169000.00,Accepted,2026-07-28,4441,44,DevOps Engineer,64410.00,114146.00,ABOVE RANGE,79722.00,Accepted
327,19638,2026-05-10,169000.00,Accepted,2026-06-12,9181,667,ML Engineer,81424.00,107451.00,ABOVE RANGE,74562.50,Accepted
212,6381,2025-11-30,168000.00,Declined,,5946,50,Business Analyst,81340.00,129201.00,ABOVE RANGE,62729.50,Declined
111,20484,2026-03-04,168000.00,Accepted,2026-04-05,6590,519,Business Analyst,104573.00,161610.00,ABOVE RANGE,34908.50,Accepted
85,21752,2026-01-08,168000.00,Accepted,2026-02-25,2697,181,Full Stack Developer,73835.00,93997.00,ABOVE RANGE,84084.00,Accepted
421,29575,2026-07-06,168000.00,Extended,,3678,284,AI Engineer,98917.00,146428.00,ABOVE RANGE,45327.50,Extended
288,26599,2026-06-09,167000.00,Declined,,8364,205,Full Stack Developer,32154.00,70489.00,ABOVE RANGE,115678.50,Declined
220,2975,2025-04-18,167000.00,Negotiating,,9690,662,DevOps Engineer,44052.00,89113.00,ABOVE RANGE,100417.50,Negotiating
551,29039,2025-10-07,167000.00,Accepted,2025-12-04,9512,152,Business Analyst,69980.00,91010.00,ABOVE RANGE,86505.00,Accepted
26,13409,2026-05-14,167000.00,Accepted,2026-07-08,5036,360,Senior Java Developer,104580.00,158729.00,ABOVE RANGE,35345.50,Accepted
310,23786,2026-08-15,166000.00,Accepted,2026-10-02,2088,675,Senior Data Analyst,65046.00,86965.00,ABOVE RANGE,89994.50,Accepted
19,9920,2026-03-05,166000.00,Accepted,2026-03-20,6041,89,Data Analyst,26040.00,64853.00,ABOVE RANGE,120553.50,Accepted
302,27212,2025-09-16,165000.00,Accepted,2025-10-07,8828,244,ML Engineer,75366.00,123284.00,ABOVE RANGE,65675.00,Accepted
149,4440,2026-05-05,165000.00,Accepted,2026-05-22,3734,554,AI Engineer,84136.00,118591.00,ABOVE RANGE,63636.50,Accepted
431,28496,2026-06-14,165000.00,Extended,,4640,546,Senior Java Developer,66384.00,99863.00,ABOVE RANGE,81876.50,Extended
527,4265,2026-01-25,164000.00,Extended,,9487,727,Java Developer,62196.00,121555.00,ABOVE RANGE,72124.50,Extended
235,1904,2026-08-15,164000.00,Accepted,2026-09-21,8,148,Java Developer,52472.00,103028.00,ABOVE RANGE,86250.00,Accepted
477,7480,2025-10-21,164000.00,Accepted,2025-11-15,7751,712,AI Engineer,52430.00,81558.00,ABOVE RANGE,97006.00,Accepted
89,14510,2025-09-08,164000.00,Rescinded,,6482,798,Java Developer,69140.00,91077.00,ABOVE RANGE,83891.50,Rescinded
530,15963,2025-10-21,164000.00,Accepted,2025-12-13,6524,745,Full Stack Developer,80325.00,119992.00,ABOVE RANGE,63841.50,Accepted
43,26679,2025-10-05,164000.00,Declined,,4589,507,AI Engineer,117976.00,167089.00,WITHIN RANGE,21467.50,Declined
531,14130,2026-08-23,163000.00,Accepted,2026-09-25,3373,430,ML Engineer,77814.00,104094.00,ABOVE RANGE,72046.00,Accepted
351,11231,2026-07-04,163000.00,Negotiating,,2905,620,ML Engineer,87800.00,119013.00,ABOVE RANGE,59593.50,Negotiating
542,18939,2026-07-26,162000.00,Extended,,7937,57,Senior Data Analyst,80394.00,122668.00,ABOVE RANGE,60469.00,Extended
289,7675,2026-02-06,162000.00,Accepted,2026-03-28,2462,945,Senior Data Analyst,91777.00,133887.00,ABOVE RANGE,49168.00,Accepted
560,23552,2026-08-17,162000.00,Accepted,2026-10-01,4706,373,Data Scientist,89776.00,139462.00,ABOVE RANGE,47381.00,Accepted
337,3179,2025-12-27,162000.00,Extended,,6705,808,Full Stack Developer,48516.00,90958.00,ABOVE RANGE,92263.00,Extended
565,6656,2026-09-04,161000.00,Accepted,2026-10-17,2813,316,AI Engineer,79122.00,119576.00,ABOVE RANGE,61651.00,Accepted
79,5484,2026-08-14,161000.00,Accepted,2026-09-26,456,198,AI Engineer,83657.00,131170.00,ABOVE RANGE,53586.50,Accepted
78,23626,2026-07-16,161000.00,Accepted,2026-08-03,3050,44,DevOps Engineer,64410.00,114146.00,ABOVE RANGE,71722.00,Accepted
14,1169,2026-08-01,161000.00,Extended,,8007,171,AI Engineer,89106.00,137257.00,ABOVE RANGE,47818.50,Extended
377,5080,2025-09-01,160000.00,Negotiating,,5008,554,AI Engineer,84136.00,118591.00,ABOVE RANGE,58636.50,Negotiating
364,12479,2025-11-25,160000.00,Accepted,2026-01-20,6386,449,AI Engineer,63702.00,118818.00,ABOVE RANGE,68740.00,Accepted
156,9661,2026-08-28,160000.00,Accepted,2026-09-16,993,260,Senior Java Developer,107296.00,147786.00,ABOVE RANGE,32459.00,Accepted
8,23852,2026-07-25,160000.00,Accepted,2026-08-30,305,659,ML Engineer,83846.00,104118.00,ABOVE RANGE,66018.00,Accepted
219,22867,2026-08-05,160000.00,Rescinded,,6437,622,Data Analyst,47184.00,85513.00,ABOVE RANGE,93651.50,Rescinded
186,9185,2026-02-21,160000.00,Accepted,2026-04-08,9498,824,Data Analyst,69945.00,106318.00,ABOVE RANGE,71868.50,Accepted
50,24485,2026-08-19,160000.00,Extended,,4366,719,AI Engineer,72645.00,106457.00,ABOVE RANGE,70449.00,Extended
523,28595,2026-05-04,160000.00,Accepted,2026-06-28,8833,503,Business Analyst,51990.00,91989.00,ABOVE RANGE,88010.50,Accepted
363,1050,2025-12-11,160000.00,Declined,,8672,153,Data Scientist,32367.00,86733.00,ABOVE RANGE,100450.00,Declined
470,12170,2026-07-30,159000.00,Accepted,2026-09-18,9046,138,Full Stack Developer,73304.00,129925.00,ABOVE RANGE,57385.50,Accepted
17,18299,2026-09-04,159000.00,Accepted,2026-10-31,7948,763,AI Engineer,57300.00,94531.00,ABOVE RANGE,83084.50,Accepted
403,29507,2026-09-02,159000.00,Accepted,2026-10-05,8014,242,DevOps Engineer,51728.00,98581.00,ABOVE RANGE,83845.50,Accepted
249,15632,2026-08-30,159000.00,Accepted,2026-10-13,4062,931,Data Analyst,40000.00,79886.00,ABOVE RANGE,99057.00,Accepted
489,19654,2026-09-12,159000.00,Accepted,2026-10-08,6408,251,Senior Data Analyst,99960.00,153274.00,ABOVE RANGE,32383.00,Accepted
393,1690,2026-06-29,159000.00,Accepted,2026-07-29,7992,187,AI Engineer,32469.00,61644.00,ABOVE RANGE,111943.50,Accepted
367,22524,2026-02-16,158000.00,Accepted,2026-03-21,741,762,AI Engineer,50575.00,83199.00,ABOVE RANGE,91113.00,Accepted
352,23848,2026-03-22,158000.00,Accepted,2026-04-10,9396,795,Data Analyst,55315.00,93322.00,ABOVE RANGE,83681.50,Accepted
516,27463,2026-08-03,158000.00,Declined,,3718,333,Senior Java Developer,110680.00,139518.00,ABOVE RANGE,32901.00,Declined
282,3514,2026-06-14,158000.00,Accepted,2026-07-03,4991,337,ML Engineer,61110.00,84588.00,ABOVE RANGE,85151.00,Accepted
563,766,2026-03-04,158000.00,Declined,,2260,417,Business Analyst,37530.00,68784.00,ABOVE RANGE,104843.00,Declined
258,23300,2026-07-30,158000.00,Accepted,2026-09-08,4299,408,Data Analyst,51810.00,74435.00,ABOVE RANGE,94877.50,Accepted
547,12838,2026-09-02,158000.00,Accepted,2026-09-17,2037,823,Senior Java Developer,101344.00,157917.00,ABOVE RANGE,28369.50,Accepted
296,17929,2026-07-15,158000.00,Negotiating,,3972,976,DevOps Engineer,93156.00,147565.00,ABOVE RANGE,37639.50,Negotiating
279,17734,2026-04-26,157000.00,Accepted,2026-05-17,5417,482,Senior Java Developer,149300.00,201197.00,WITHIN RANGE,-18248.50,Accepted
494,17234,2026-01-25,157000.00,Declined,,8570,962,Senior Data Analyst,95067.00,140421.00,ABOVE RANGE,39256.00,Declined
469,16609,2026-01-20,157000.00,Accepted,2026-02-20,2603,894,AI Engineer,88552.00,140447.00,ABOVE RANGE,42500.50,Accepted
319,11110,2026-08-08,157000.00,Accepted,2026-08-31,2375,957,DevOps Engineer,88753.00,128947.00,ABOVE RANGE,48150.00,Accepted
2,23455,2026-07-08,157000.00,Accepted,2026-08-09,19,671,AI Engineer,87888.00,128961.00,ABOVE RANGE,48575.50,Accepted
29,3492,2026-09-04,157000.00,Declined,,6221,757,Data Analyst,46852.00,103710.00,ABOVE RANGE,81719.00,Declined
41,15310,2025-12-16,157000.00,Declined,,9640,891,Data Scientist,114728.00,148222.00,ABOVE RANGE,25525.00,Declined
68,21508,2026-06-28,157000.00,Accepted,2026-07-15,4080,567,Business Analyst,67932.00,88740.00,ABOVE RANGE,78664.00,Accepted
506,3872,2026-05-01,157000.00,Extended,,5518,844,Java Developer,46104.00,82834.00,ABOVE RANGE,92531.00,Extended
460,25774,2026-08-15,157000.00,Accepted,2026-10-08,5198,298,Business Analyst,56080.00,88064.00,ABOVE RANGE,84928.00,Accepted
486,22227,2026-05-08,157000.00,Accepted,2026-05-25,7546,137,Data Scientist,50748.00,104849.00,ABOVE RANGE,79201.50,Accepted
96,11971,2026-07-05,157000.00,Accepted,2026-08-15,4840,608,Java Developer,22626.00,55667.00,ABOVE RANGE,117853.50,Accepted
274,4030,2026-09-03,156000.00,Declined,,4814,403,Full Stack Developer,32565.00,56002.00,ABOVE RANGE,111716.50,Declined
205,5199,2026-02-21,156000.00,Extended,,7027,851,Business Analyst,59510.00,108232.00,ABOVE RANGE,72129.00,Extended
213,15853,2026-09-12,156000.00,Accepted,2026-10-19,9581,898,Full Stack Developer,117144.00,159677.00,WITHIN RANGE,17589.50,Accepted
7,11736,2026-09-01,156000.00,Accepted,2026-10-30,5041,671,AI Engineer,87888.00,128961.00,ABOVE RANGE,47575.50,Accepted
56,22800,2026-02-24,156000.00,Accepted,2026-04-03,9851,835,Senior Java Developer,86552.00,129796.00,ABOVE RANGE,47826.00,Accepted
478,25089,2026-07-02,155000.00,Declined,,6604,987,DevOps Engineer,70430.00,116953.00,ABOVE RANGE,61308.50,Declined
456,2458,2026-09-07,155000.00,Accepted,2026-09-29,8662,35,Senior Java Developer,81896.00,127380.00,ABOVE RANGE,50362.00,Accepted
370,23791,2025-11-09,155000.00,Extended,,1308,893,DevOps Engineer,68862.00,117893.00,ABOVE RANGE,61622.50,Extended
202,12925,2026-08-31,155000.00,Declined,,5429,747,Full Stack Developer,93625.00,129016.00,ABOVE RANGE,43679.50,Declined
152,23489,2026-09-10,155000.00,Accepted,2026-11-09,7370,193,Senior Data Analyst,50976.00,99112.00,ABOVE RANGE,79956.00,Accepted
252,16215,2026-07-31,154000.00,Accepted,2026-09-09,4255,737,Full Stack Developer,56668.00,115208.00,ABOVE RANGE,68062.00,Accepted
331,23827,2026-01-27,154000.00,Declined,,8130,569,Data Scientist,60072.00,86420.00,ABOVE RANGE,80754.00,Declined
554,6193,2026-03-08,154000.00,Negotiating,,425,968,Senior Java Developer,70710.00,111302.00,ABOVE RANGE,62994.00,Negotiating
99,27207,2026-07-25,154000.00,Declined,,3757,133,AI Engineer,53284.00,101313.00,ABOVE RANGE,76701.50,Declined
198,1138,2025-05-03,154000.00,Accepted,2025-06-10,7809,379,DevOps Engineer,69040.00,122918.00,ABOVE RANGE,58021.00,Accepted
555,14855,2025-12-21,154000.00,Accepted,2026-01-09,6859,567,Business Analyst,67932.00,88740.00,ABOVE RANGE,75664.00,Accepted
24,25026,2026-07-11,154000.00,Accepted,2026-08-22,8536,629,Data Scientist,35517.00,62184.00,ABOVE RANGE,105149.50,Accepted
368,2152,2025-11-21,154000.00,Accepted,2025-12-06,6119,159,Senior Java Developer,90678.00,117660.00,ABOVE RANGE,49831.00,Accepted
240,22046,2026-03-22,154000.00,Accepted,2026-04-26,8990,808,Full Stack Developer,48516.00,90958.00,ABOVE RANGE,84263.00,Accepted
109,11595,2026-05-12,154000.00,Accepted,2026-06-24,3777,605,Senior Java Developer,74982.00,128767.00,ABOVE RANGE,52125.50,Accepted
375,19797,2025-07-06,154000.00,Declined,,9035,700,Data Analyst,81810.00,127415.00,ABOVE RANGE,49387.50,Declined
360,5456,2026-08-04,154000.00,Accepted,2026-09-20,7066,884,Senior Java Developer,117342.00,166053.00,WITHIN RANGE,12302.50,Accepted
397,1768,2026-06-04,154000.00,Accepted,2026-07-06,6340,285,DevOps Engineer,40602.00,94814.00,ABOVE RANGE,86292.00,Accepted
417,13120,2026-02-16,154000.00,Accepted,2026-03-18,7609,655,Data Analyst,51920.00,72981.00,ABOVE RANGE,91549.50,Accepted
508,2785,2026-05-26,153000.00,Accepted,2026-06-28,5057,910,AI Engineer,59240.00,90417.00,ABOVE RANGE,78171.50,Accepted
379,12157,2026-08-24,153000.00,Declined,,9312,403,Full Stack Developer,32565.00,56002.00,ABOVE RANGE,108716.50,Declined
448,4670,2025-10-10,153000.00,Accepted,2025-11-21,5439,682,Full Stack Developer,65145.00,91555.00,ABOVE RANGE,74650.00,Accepted
335,6025,2026-04-20,153000.00,Extended,,9071,442,Senior Data Analyst,71533.00,103270.00,ABOVE RANGE,65598.50,Extended
522,15360,2026-05-23,153000.00,Accepted,2026-06-17,5008,785,Data Scientist,69234.00,92133.00,ABOVE RANGE,72316.50,Accepted
110,23410,2026-02-21,153000.00,Extended,,9966,383,DevOps Engineer,38424.00,63955.00,ABOVE RANGE,101810.50,Extended
57,3754,2026-04-03,152000.00,Accepted,2026-04-25,548,314,Data Scientist,42129.00,76362.00,ABOVE RANGE,92754.50,Accepted
430,24982,2025-04-06,152000.00,Extended,,6197,152,Business Analyst,69980.00,91010.00,ABOVE RANGE,71505.00,Extended
208,26178,2026-09-05,152000.00,Declined,,1606,224,Java Developer,83622.00,106852.00,ABOVE RANGE,56763.00,Declined
369,26579,2026-05-24,152000.00,Declined,,648,92,Business Analyst,78106.00,121031.00,ABOVE RANGE,52431.50,Declined
179,28451,2026-01-04,152000.00,Accepted,2026-01-18,5661,906,Full Stack Developer,80668.00,131418.00,ABOVE RANGE,45957.00,Accepted
76,29067,2025-12-01,152000.00,Accepted,2025-12-27,4755,671,AI Engineer,87888.00,128961.00,ABOVE RANGE,43575.50,Accepted
487,26651,2026-08-05,151000.00,Rescinded,,472,382,ML Engineer,66510.00,104923.00,ABOVE RANGE,65283.50,Rescinded
484,25207,2026-03-06,151000.00,Accepted,2026-03-25,5694,537,Java Developer,58040.00,83594.00,ABOVE RANGE,80183.00,Accepted
394,29586,2026-03-13,151000.00,Declined,,4217,288,DevOps Engineer,97664.00,129376.00,ABOVE RANGE,37480.00,Declined
157,25704,2025-03-20,151000.00,Declined,,545,463,Senior Java Developer,106542.00,127900.00,ABOVE RANGE,33779.00,Declined
324,13675,2026-06-17,151000.00,Declined,,5429,656,Java Developer,22880.00,72949.00,ABOVE RANGE,103085.50,Declined
263,27439,2026-03-12,151000.00,Declined,,8369,861,Senior Data Analyst,88020.00,113407.00,ABOVE RANGE,50286.50,Declined
53,6616,2025-12-10,151000.00,Accepted,2026-01-29,6731,598,Senior Data Analyst,102864.00,160360.00,WITHIN RANGE,19388.00,Accepted
194,28738,2026-01-26,151000.00,Accepted,2026-02-10,6653,674,Senior Data Analyst,75453.00,122655.00,ABOVE RANGE,51946.00,Accepted
385,7300,2026-04-09,150000.00,Accepted,2026-05-27,4957,107,AI Engineer,104000.00,147733.00,ABOVE RANGE,24133.50,Accepted
191,24117,2026-07-19,150000.00,Accepted,2026-08-19,7304,811,Data Scientist,56380.00,114858.00,ABOVE RANGE,64381.00,Accepted
64,25864,2026-07-14,150000.00,Accepted,2026-08-22,5976,364,Data Analyst,64278.00,106120.00,ABOVE RANGE,64801.00,Accepted
414,12565,2026-01-05,150000.00,Rescinded,,6373,576,Senior Data Analyst,86849.00,146640.00,ABOVE RANGE,33255.50,Rescinded
436,28441,2026-06-30,150000.00,Accepted,2026-08-25,3690,811,Data Scientist,56380.00,114858.00,ABOVE RANGE,64381.00,Accepted
241,24477,2026-08-04,150000.00,Accepted,2026-09-10,7104,545,ML Engineer,128655.00,153241.00,WITHIN RANGE,9052.00,Accepted
546,8381,2026-03-18,149000.00,Accepted,2026-04-16,2355,772,Senior Data Analyst,70540.00,100207.00,ABOVE RANGE,63626.50,Accepted
426,20560,2026-08-15,149000.00,Negotiating,,5110,82,Senior Data Analyst,81774.00,129562.00,ABOVE RANGE,43332.00,Negotiating
550,9910,2026-03-24,149000.00,Declined,,155,889,Full Stack Developer,90650.00,125319.00,ABOVE RANGE,41015.50,Declined
121,19261,2026-07-19,149000.00,Accepted,2026-08-30,7683,930,Java Developer,42276.00,87741.00,ABOVE RANGE,83991.50,Accepted
333,29571,2026-05-06,149000.00,Accepted,2026-06-07,4328,622,Data Analyst,47184.00,85513.00,ABOVE RANGE,82651.50,Accepted
491,8237,2026-02-24,149000.00,Declined,,6738,983,Data Scientist,43052.00,88210.00,ABOVE RANGE,83369.00,Declined
4,9718,2026-08-05,149000.00,Accepted,2026-10-02,6491,541,Senior Java Developer,71148.00,104902.00,ABOVE RANGE,60975.00,Accepted
297,11453,2026-06-27,148000.00,Accepted,2026-08-03,7268,605,Senior Java Developer,74982.00,128767.00,ABOVE RANGE,46125.50,Accepted
473,17880,2026-03-07,148000.00,Accepted,2026-04-09,4240,242,DevOps Engineer,51728.00,98581.00,ABOVE RANGE,72845.50,Accepted
122,16869,2025-12-03,148000.00,Declined,,6952,352,Full Stack Developer,80154.00,129112.00,ABOVE RANGE,43367.00,Declined
490,19632,2025-10-14,148000.00,Accepted,2025-11-26,6916,307,Senior Data Analyst,101444.00,124971.00,ABOVE RANGE,34792.50,Accepted
90,20294,2025-10-10,148000.00,Declined,,3837,85,Senior Java Developer,76601.00,123145.00,ABOVE RANGE,48127.00,Declined
521,16487,2026-08-12,148000.00,Declined,,6745,585,DevOps Engineer,64782.00,93360.00,ABOVE RANGE,68929.00,Declined
411,4993,2026-08-24,148000.00,Accepted,2026-09-21,2227,881,Senior Java Developer,98224.00,130642.00,ABOVE RANGE,33567.00,Accepted
116,17761,2025-07-15,148000.00,Accepted,2025-09-02,7029,275,DevOps Engineer,48624.00,73635.00,ABOVE RANGE,86870.50,Accepted
272,9415,2026-05-06,148000.00,Declined,,3374,361,Data Analyst,52292.00,107306.00,ABOVE RANGE,68201.00,Declined
22,24970,2026-08-10,147000.00,Declined,,8521,541,Senior Java Developer,71148.00,104902.00,ABOVE RANGE,58975.00,Declined
28,5211,2026-03-26,147000.00,Negotiating,,9722,860,DevOps Engineer,72930.00,128205.00,ABOVE RANGE,46432.50,Negotiating
145,12181,2026-07-29,147000.00,Rescinded,,8002,437,Java Developer,67370.00,101412.00,ABOVE RANGE,62609.00,Rescinded
278,4811,2026-03-07,147000.00,Negotiating,,3285,714,Senior Java Developer,99880.00,134806.00,ABOVE RANGE,29657.00,Negotiating
429,3149,2026-08-28,147000.00,Extended,,2530,533,AI Engineer,65250.00,96480.00,ABOVE RANGE,66135.00,Extended
524,12873,2025-09-15,146000.00,Extended,,5617,786,Data Analyst,53816.00,85580.00,ABOVE RANGE,76302.00,Extended
290,1832,2026-06-07,146000.00,Accepted,2026-06-25,2092,81,Data Analyst,28690.00,62788.00,ABOVE RANGE,100261.00,Accepted
366,21767,2026-06-25,146000.00,Accepted,2026-08-09,2939,344,Full Stack Developer,56460.00,116090.00,ABOVE RANGE,59725.00,Accepted
21,3993,2026-04-22,145000.00,Accepted,2026-05-20,8788,197,AI Engineer,115816.00,151880.00,WITHIN RANGE,11152.00,Accepted
362,18033,2026-08-23,145000.00,Accepted,2026-09-16,9760,84,DevOps Engineer,95080.00,147865.00,WITHIN RANGE,23527.50,Accepted
126,15857,2026-07-13,145000.00,Declined,,212,718,DevOps Engineer,60000.00,114527.00,ABOVE RANGE,57736.50,Declined
474,22262,2026-08-02,145000.00,Accepted,2026-09-24,1610,724,Senior Data Analyst,87936.00,128972.00,ABOVE RANGE,36546.00,Accepted
568,13174,2025-11-25,145000.00,Negotiating,,1521,712,AI Engineer,52430.00,81558.00,ABOVE RANGE,78006.00,Negotiating
34,27137,2026-05-29,145000.00,Negotiating,,358,43,AI Engineer,111200.00,163366.00,WITHIN RANGE,7717.00,Negotiating
1,27194,2026-02-25,144000.00,Accepted,2026-04-06,9696,655,Data Analyst,51920.00,72981.00,ABOVE RANGE,81549.50,Accepted
338,27387,2026-03-04,144000.00,Declined,,9650,930,Java Developer,42276.00,87741.00,ABOVE RANGE,78991.50,Declined
266,15271,2025-12-15,144000.00,Accepted,2026-01-08,6704,360,Senior Java Developer,104580.00,158729.00,WITHIN RANGE,12345.50,Accepted
204,14283,2025-06-27,144000.00,Extended,,6350,605,Senior Java Developer,74982.00,128767.00,ABOVE RANGE,42125.50,Extended
428,28656,2026-09-06,144000.00,Negotiating,,6548,467,Business Analyst,42392.00,68636.00,ABOVE RANGE,88486.00,Negotiating
199,13461,2026-04-29,144000.00,Extended,,4614,504,Java Developer,69465.00,129160.00,ABOVE RANGE,44687.50,Extended
247,6188,2026-02-07,144000.00,Rescinded,,8890,503,Business Analyst,51990.00,91989.00,ABOVE RANGE,72010.50,Rescinded
413,6406,2026-02-27,144000.00,Extended,,6863,378,Full Stack Developer,95512.00,148393.00,WITHIN RANGE,22047.50,Extended
11,16953,2026-04-18,143000.00,Negotiating,,3154,441,Senior Java Developer,97279.00,156808.00,WITHIN RANGE,15956.50,Negotiating
472,27877,2026-04-02,143000.00,Declined,,8198,92,Business Analyst,78106.00,121031.00,ABOVE RANGE,43431.50,Declined
72,15092,2026-09-01,143000.00,Accepted,2026-10-03,7829,170,Data Scientist,79177.00,120868.00,ABOVE RANGE,42977.50,Accepted
391,15609,2026-05-19,143000.00,Accepted,2026-07-02,2148,61,AI Engineer,85920.00,134360.00,ABOVE RANGE,32860.00,Accepted
517,9413,2026-08-23,143000.00,Declined,,9204,304,ML Engineer,75978.00,129430.00,ABOVE RANGE,40296.00,Declined
561,28805,2026-02-04,142000.00,Extended,,4143,310,Data Analyst,28574.00,57506.00,ABOVE RANGE,98960.00,Extended
510,24451,2025-08-03,142000.00,Negotiating,,7851,682,Full Stack Developer,65145.00,91555.00,ABOVE RANGE,63650.00,Negotiating
144,9435,2025-12-14,142000.00,Declined,,9022,308,Data Scientist,57260.00,88440.00,ABOVE RANGE,69150.00,Declined
236,17309,2026-09-09,141000.00,Accepted,2026-10-27,541,311,DevOps Engineer,57720.00,104703.00,ABOVE RANGE,59788.50,Accepted
95,29224,2026-09-01,141000.00,Accepted,2026-10-09,2775,755,AI Engineer,78174.00,129421.00,ABOVE RANGE,37202.50,Accepted
408,508,2026-09-04,141000.00,Accepted,2026-10-02,9677,830,Senior Java Developer,66440.00,124106.00,ABOVE RANGE,45727.00,Accepted
424,2565,2026-08-29,141000.00,Accepted,2026-10-12,6186,58,Java Developer,35868.00,93341.00,ABOVE RANGE,76395.50,Accepted
365,23095,2026-06-02,141000.00,Accepted,2026-06-20,4288,834,AI Engineer,42018.00,101657.00,ABOVE RANGE,69162.50,Accepted
409,22961,2026-06-26,141000.00,Declined,,8205,723,ML Engineer,110223.00,135828.00,ABOVE RANGE,17974.50,Declined
54,21406,2026-05-02,141000.00,Accepted,2026-06-10,8835,878,DevOps Engineer,80220.00,133561.00,ABOVE RANGE,34109.50,Accepted
398,2414,2026-06-01,140000.00,Accepted,2026-06-26,4681,882,Full Stack Developer,34506.00,89694.00,ABOVE RANGE,77900.00,Accepted
113,25429,2026-05-24,140000.00,Accepted,2026-07-22,6243,103,Data Scientist,41247.00,63670.00,ABOVE RANGE,87541.50,Accepted
471,2727,2026-06-07,140000.00,Accepted,2026-07-05,9763,976,DevOps Engineer,93156.00,147565.00,WITHIN RANGE,19639.50,Accepted
47,6070,2026-07-25,140000.00,Declined,,1451,897,Data Scientist,64770.00,87350.00,ABOVE RANGE,63940.00,Declined
562,21899,2026-08-12,140000.00,Accepted,2026-09-10,6516,196,Senior Java Developer,69050.00,107551.00,ABOVE RANGE,51699.50,Accepted
164,1495,2026-06-30,140000.00,Extended,,996,338,DevOps Engineer,86520.00,127193.00,ABOVE RANGE,33143.50,Extended
73,20919,2026-08-08,140000.00,Accepted,2026-09-05,7967,757,Data Analyst,46852.00,103710.00,ABOVE RANGE,64719.00,Accepted
384,7851,2026-07-07,140000.00,Accepted,2026-07-25,2862,575,Java Developer,25900.00,48898.00,ABOVE RANGE,102601.00,Accepted
18,1380,2026-02-27,140000.00,Accepted,2026-04-03,4484,145,Data Scientist,97153.00,132945.00,ABOVE RANGE,24951.00,Accepted
452,14067,2025-11-22,140000.00,Accepted,2026-01-03,918,254,Full Stack Developer,118616.00,171659.00,WITHIN RANGE,-5137.50,Accepted
543,27042,2026-05-31,139000.00,Declined,,8903,587,DevOps Engineer,102176.00,161064.00,WITHIN RANGE,7380.00,Declined
224,10057,2026-09-06,139000.00,Accepted,2026-10-03,7890,84,DevOps Engineer,95080.00,147865.00,WITHIN RANGE,17527.50,Accepted
432,13497,2025-11-18,139000.00,Declined,,7154,25,AI Engineer,76134.00,114392.00,ABOVE RANGE,43737.00,Declined
372,4874,2025-08-31,138000.00,Accepted,2025-10-30,6489,74,Data Analyst,36519.00,59953.00,ABOVE RANGE,89764.00,Accepted
181,14226,2025-10-24,138000.00,Accepted,2025-11-10,7537,162,Full Stack Developer,33327.00,73293.00,ABOVE RANGE,84690.00,Accepted
549,2584,2026-07-20,138000.00,Declined,,1270,953,Full Stack Developer,46180.00,97293.00,ABOVE RANGE,66263.50,Declined
514,12613,2025-08-21,138000.00,Negotiating,,7109,36,Senior Java Developer,82692.00,114601.00,ABOVE RANGE,39353.50,Negotiating
415,29863,2026-06-20,137000.00,Accepted,2026-08-16,6308,195,Senior Java Developer,75816.00,112086.00,ABOVE RANGE,43049.00,Accepted
525,13695,2026-08-20,137000.00,Accepted,2026-10-12,785,489,ML Engineer,67794.00,99244.00,ABOVE RANGE,53481.00,Accepted
101,8672,2026-08-22,137000.00,Accepted,2026-09-20,8581,224,Java Developer,83622.00,106852.00,ABOVE RANGE,41763.00,Accepted
378,8454,2026-04-15,137000.00,Negotiating,,7521,948,Data Scientist,62154.00,101964.00,ABOVE RANGE,54941.00,Negotiating
315,11188,2026-04-08,137000.00,Accepted,2026-06-01,3945,559,AI Engineer,119192.00,168272.00,WITHIN RANGE,-6732.00,Accepted
183,21433,2026-08-23,137000.00,Accepted,2026-10-21,4217,58,Java Developer,35868.00,93341.00,ABOVE RANGE,72395.50,Accepted
150,29431,2026-08-20,137000.00,Declined,,9202,170,Data Scientist,79177.00,120868.00,ABOVE RANGE,36977.50,Declined
511,4920,2026-09-05,137000.00,Accepted,2026-11-02,2856,921,Data Analyst,20858.00,62257.00,ABOVE RANGE,95442.50,Accepted
9,8182,2026-01-09,136000.00,Extended,,6460,154,AI Engineer,53300.00,75376.00,ABOVE RANGE,71662.00,Extended
407,28676,2026-08-24,136000.00,Rescinded,,2864,324,Data Analyst,58284.00,105543.00,ABOVE RANGE,54086.50,Rescinded
130,1851,2026-04-20,136000.00,Accepted,2026-06-04,9412,835,Senior Java Developer,86552.00,129796.00,ABOVE RANGE,27826.00,Accepted
301,5438,2026-05-18,136000.00,Accepted,2026-07-16,9999,724,Senior Data Analyst,87936.00,128972.00,ABOVE RANGE,27546.00,Accepted
496,5860,2026-08-16,136000.00,Declined,,7423,870,Senior Data Analyst,82200.00,108362.00,ABOVE RANGE,40719.00,Declined
162,1598,2026-09-12,136000.00,Accepted,2026-10-01,6845,924,Senior Data Analyst,68370.00,98794.00,ABOVE RANGE,52418.00,Accepted
177,22136,2026-07-10,135000.00,Accepted,2026-08-31,7585,295,Senior Data Analyst,82635.00,117703.00,ABOVE RANGE,34831.00,Accepted
353,13951,2026-03-11,135000.00,Rescinded,,1888,990,AI Engineer,81138.00,116546.00,ABOVE RANGE,36158.00,Rescinded
323,10054,2025-10-08,135000.00,Accepted,2025-11-19,1656,7,Business Analyst,64825.00,99198.00,ABOVE RANGE,52988.50,Accepted
83,27961,2025-07-03,135000.00,Declined,,5001,203,Senior Data Analyst,118408.00,155370.00,WITHIN RANGE,-1889.00,Declined
71,6973,2025-06-03,135000.00,Declined,,5771,85,Senior Java Developer,76601.00,123145.00,ABOVE RANGE,35127.00,Declined
286,21701,2026-01-08,135000.00,Accepted,2026-02-04,9010,821,Business Analyst,61030.00,96019.00,ABOVE RANGE,56475.50,Accepted
104,25764,2026-04-14,134000.00,Negotiating,,3630,293,AI Engineer,81151.00,130954.00,ABOVE RANGE,27947.50,Negotiating
87,8377,2026-03-12,134000.00,Negotiating,,891,358,AI Engineer,34944.00,73400.00,ABOVE RANGE,79828.00,Negotiating
405,22730,2026-02-01,134000.00,Extended,,8261,126,ML Engineer,111728.00,144328.00,WITHIN RANGE,5972.00,Extended
316,29953,2026-05-25,134000.00,Rescinded,,1070,688,Java Developer,89280.00,141022.00,WITHIN RANGE,18849.00,Rescinded
67,10302,2026-06-16,134000.00,Accepted,2026-07-26,2565,968,Senior Java Developer,70710.00,111302.00,ABOVE RANGE,42994.00,Accepted
229,16035,2026-07-20,134000.00,Accepted,2026-08-06,5395,386,Senior Data Analyst,88710.00,134344.00,WITHIN RANGE,22473.00,Accepted
383,16637,2025-12-25,134000.00,Accepted,2026-01-10,8370,129,AI Engineer,95256.00,118696.00,ABOVE RANGE,27024.00,Accepted
483,5538,2026-05-01,134000.00,Negotiating,,3511,830,Senior Java Developer,66440.00,124106.00,ABOVE RANGE,38727.00,Negotiating
174,25792,2026-01-10,133000.00,Rescinded,,7996,925,Data Scientist,56400.00,97336.00,ABOVE RANGE,56132.00,Rescinded
495,27649,2026-09-03,133000.00,Declined,,941,851,Business Analyst,59510.00,108232.00,ABOVE RANGE,49129.00,Declined
140,11266,2026-03-09,133000.00,Rescinded,,1519,86,ML Engineer,115029.00,149549.00,WITHIN RANGE,711.00,Rescinded
291,27749,2026-04-23,132000.00,Negotiating,,3929,195,Senior Java Developer,75816.00,112086.00,ABOVE RANGE,38049.00,Negotiating
227,28781,2026-08-26,132000.00,Rescinded,,3627,499,DevOps Engineer,96224.00,123120.00,ABOVE RANGE,22328.00,Rescinded
440,16978,2026-01-24,131000.00,Accepted,2026-03-01,1739,6,ML Engineer,46912.00,104082.00,ABOVE RANGE,55503.00,Accepted
528,7857,2026-06-22,131000.00,Accepted,2026-07-17,6239,364,Data Analyst,64278.00,106120.00,ABOVE RANGE,45801.00,Accepted
500,5011,2026-08-21,131000.00,Negotiating,,5797,521,Data Analyst,31152.00,69366.00,ABOVE RANGE,80741.00,Negotiating
392,4411,2025-11-21,131000.00,Extended,,2086,357,Business Analyst,37137.00,69821.00,ABOVE RANGE,77521.00,Extended
443,1077,2026-09-02,131000.00,Rescinded,,8974,445,Full Stack Developer,87630.00,117873.00,ABOVE RANGE,28248.50,Rescinded
418,1030,2026-06-23,130000.00,Declined,,9818,285,DevOps Engineer,40602.00,94814.00,ABOVE RANGE,62292.00,Declined
520,23158,2026-06-20,130000.00,Accepted,2026-07-30,8113,835,Senior Java Developer,86552.00,129796.00,ABOVE RANGE,21826.00,Accepted
320,20606,2026-05-10,130000.00,Declined,,5232,725,Business Analyst,75432.00,99629.00,ABOVE RANGE,42469.50,Declined
311,8137,2025-07-16,130000.00,Extended,,3416,666,AI Engineer,71694.00,126818.00,ABOVE RANGE,30744.00,Extended
251,28968,2026-07-06,130000.00,Accepted,2026-08-21,7069,40,Senior Data Analyst,102360.00,123189.00,ABOVE RANGE,17225.50,Accepted
70,611,2026-03-11,130000.00,Declined,,5129,762,AI Engineer,50575.00,83199.00,ABOVE RANGE,63113.00,Declined
112,11924,2026-03-02,130000.00,Declined,,2555,362,Full Stack Developer,58850.00,113262.00,ABOVE RANGE,43944.00,Declined
30,18539,2026-08-27,129000.00,Accepted,2026-09-12,8009,317,AI Engineer,35799.00,84252.00,ABOVE RANGE,68974.50,Accepted
457,11137,2026-05-01,128000.00,Accepted,2026-06-30,135,924,Senior Data Analyst,68370.00,98794.00,ABOVE RANGE,44418.00,Accepted
348,6118,2026-08-16,128000.00,Accepted,2026-10-10,2625,17,DevOps Engineer,79023.00,102750.00,ABOVE RANGE,37113.50,Accepted
503,24278,2025-08-01,128000.00,Accepted,2025-08-31,7977,867,AI Engineer,99127.00,145809.00,WITHIN RANGE,5532.00,Accepted
207,26807,2026-09-06,128000.00,Accepted,2026-10-05,9604,218,Senior Data Analyst,79536.00,130399.00,WITHIN RANGE,23032.50,Accepted
466,3882,2026-08-28,127000.00,Negotiating,,7604,590,Data Scientist,60966.00,106773.00,ABOVE RANGE,43130.50,Negotiating
262,27983,2026-09-18,127000.00,Negotiating,,7991,419,ML Engineer,69066.00,102511.00,ABOVE RANGE,41211.50,Negotiating
58,11476,2026-02-25,127000.00,Rescinded,,9834,345,Senior Java Developer,69966.00,103372.00,ABOVE RANGE,40331.00,Rescinded
211,17883,2026-08-29,127000.00,Accepted,2026-10-16,6958,731,Business Analyst,47996.00,89536.00,ABOVE RANGE,58234.00,Accepted
305,9875,2026-05-05,127000.00,Accepted,2026-06-30,4649,271,Java Developer,40140.00,93730.00,ABOVE RANGE,60065.00,Accepted
31,12624,2026-05-17,127000.00,Declined,,8699,335,AI Engineer,52248.00,82471.00,ABOVE RANGE,59640.50,Declined
37,3621,2026-08-22,126000.00,Declined,,4270,167,Java Developer,54335.00,75026.00,ABOVE RANGE,61319.50,Declined
260,11459,2026-05-30,126000.00,Accepted,2026-07-06,1687,954,DevOps Engineer,43911.00,74706.00,ABOVE RANGE,66691.50,Accepted
52,11524,2026-05-30,126000.00,Extended,,8098,985,Data Scientist,112336.00,139822.00,WITHIN RANGE,-79.00,Extended
200,12491,2026-05-20,126000.00,Accepted,2026-07-03,9604,882,Full Stack Developer,34506.00,89694.00,ABOVE RANGE,63900.00,Accepted
308,13835,2026-05-10,126000.00,Extended,,6266,571,Data Scientist,37203.00,62819.00,ABOVE RANGE,75989.00,Extended
267,14671,2025-05-12,126000.00,Extended,,8909,99,Full Stack Developer,70301.00,95493.00,ABOVE RANGE,43103.00,Extended
178,6580,2026-07-05,126000.00,Accepted,2026-07-20,5922,746,ML Engineer,95641.00,136966.00,WITHIN RANGE,9696.50,Accepted
189,21616,2026-08-28,126000.00,Accepted,2026-10-07,2856,864,Data Scientist,42471.00,93648.00,ABOVE RANGE,57940.50,Accepted
107,26237,2026-06-30,126000.00,Extended,,7085,835,Senior Java Developer,86552.00,129796.00,WITHIN RANGE,17826.00,Extended
51,16656,2026-09-05,125000.00,Accepted,2026-10-30,3079,138,Full Stack Developer,73304.00,129925.00,WITHIN RANGE,23385.50,Accepted
336,29897,2025-12-20,125000.00,Declined,,2141,142,AI Engineer,32478.00,91402.00,ABOVE RANGE,63060.00,Declined
339,15656,2026-08-31,125000.00,Rescinded,,2648,198,AI Engineer,83657.00,131170.00,WITHIN RANGE,17586.50,Rescinded
446,10102,2026-03-23,124000.00,Declined,,4310,393,Java Developer,49920.00,96174.00,ABOVE RANGE,50953.00,Declined
536,16352,2026-07-05,124000.00,Accepted,2026-08-31,9283,457,Senior Java Developer,103803.00,127468.00,WITHIN RANGE,8364.50,Accepted
65,24467,2026-08-25,123000.00,Declined,,6283,960,AI Engineer,59596.00,101706.00,ABOVE RANGE,42349.00,Declined
410,22609,2025-09-18,123000.00,Extended,,7403,682,Full Stack Developer,65145.00,91555.00,ABOVE RANGE,44650.00,Extended
159,8558,2025-10-02,122000.00,Accepted,2025-10-16,7125,791,Data Analyst,79470.00,115764.00,ABOVE RANGE,24383.00,Accepted
341,275,2026-05-20,122000.00,Declined,,5016,43,AI Engineer,111200.00,163366.00,WITHIN RANGE,-15283.00,Declined
499,13558,2026-08-22,122000.00,Accepted,2026-09-14,2319,148,Java Developer,52472.00,103028.00,ABOVE RANGE,44250.00,Accepted
153,25402,2026-06-04,121000.00,Accepted,2026-06-18,7397,184,Data Analyst,62510.00,97854.00,ABOVE RANGE,40818.00,Accepted
245,6683,2026-08-13,121000.00,Declined,,9511,752,ML Engineer,42504.00,67346.00,ABOVE RANGE,66075.00,Declined
230,12120,2026-04-17,121000.00,Negotiating,,2750,825,Senior Data Analyst,80334.00,110280.00,ABOVE RANGE,25693.00,Negotiating
502,5849,2025-12-09,121000.00,Accepted,2026-01-27,8825,741,Full Stack Developer,53555.00,82521.00,ABOVE RANGE,52962.00,Accepted
167,1029,2026-07-19,121000.00,Accepted,2026-08-02,2805,955,AI Engineer,104488.00,150097.00,WITHIN RANGE,-6292.50,Accepted
382,9769,2026-08-27,120000.00,Accepted,2026-10-08,5416,311,DevOps Engineer,57720.00,104703.00,ABOVE RANGE,38788.50,Accepted
141,19052,2026-06-19,120000.00,Accepted,2026-07-19,7071,281,AI Engineer,76230.00,103657.00,ABOVE RANGE,30056.50,Accepted
317,23872,2026-03-13,120000.00,Declined,,2536,849,Senior Data Analyst,53444.00,82638.00,ABOVE RANGE,51959.00,Declined
16,22596,2026-06-15,120000.00,Declined,,9761,441,Senior Java Developer,97279.00,156808.00,WITHIN RANGE,-7043.50,Declined
201,12341,2026-04-29,120000.00,Negotiating,,7461,731,Business Analyst,47996.00,89536.00,ABOVE RANGE,51234.00,Negotiating
49,9019,2025-05-25,120000.00,Extended,,2246,352,Full Stack Developer,80154.00,129112.00,WITHIN RANGE,15367.00,Extended
244,23018,2026-03-26,119000.00,Rescinded,,1787,827,Business Analyst,71323.00,100515.00,ABOVE RANGE,33081.00,Rescinded
166,3003,2025-11-23,119000.00,Accepted,2026-01-03,4016,284,AI Engineer,98917.00,146428.00,WITHIN RANGE,-3672.50,Accepted
567,2405,2025-12-21,119000.00,Extended,,6634,945,Senior Data Analyst,91777.00,133887.00,WITHIN RANGE,6168.00,Extended
93,2615,2025-06-04,119000.00,Accepted,2025-06-29,5178,401,Senior Data Analyst,77094.00,124539.00,WITHIN RANGE,18183.50,Accepted
123,17112,2026-09-07,119000.00,Accepted,2026-11-02,1618,672,Senior Data Analyst,107632.00,156153.00,WITHIN RANGE,-12892.50,Accepted
480,20889,2026-08-24,118000.00,Extended,,3324,762,AI Engineer,50575.00,83199.00,ABOVE RANGE,51113.00,Extended
556,14723,2025-11-08,118000.00,Accepted,2025-12-01,5710,173,Senior Data Analyst,62825.00,90549.00,ABOVE RANGE,41313.00,Accepted
146,27532,2026-07-22,117000.00,Accepted,2026-09-12,1348,509,Data Scientist,31437.00,70968.00,ABOVE RANGE,65797.50,Accepted
197,28218,2025-11-25,117000.00,Declined,,7085,746,ML Engineer,95641.00,136966.00,WITHIN RANGE,696.50,Declined
253,4946,2026-02-28,117000.00,Negotiating,,770,499,DevOps Engineer,96224.00,123120.00,WITHIN RANGE,7328.00,Negotiating
552,20914,2025-03-07,117000.00,Accepted,2025-05-05,5933,784,Senior Data Analyst,84000.00,142432.00,WITHIN RANGE,3784.00,Accepted
553,23145,2025-11-15,117000.00,Accepted,2025-12-05,5038,614,Full Stack Developer,63690.00,103636.00,ABOVE RANGE,33337.00,Accepted
246,196,2026-02-10,117000.00,Accepted,2026-03-22,3309,215,Java Developer,43428.00,68290.00,ABOVE RANGE,61141.00,Accepted
257,16137,2026-04-06,117000.00,Extended,,8159,821,Business Analyst,61030.00,96019.00,ABOVE RANGE,38475.50,Extended
151,4137,2026-06-23,117000.00,Accepted,2026-08-09,2885,558,Data Analyst,30519.00,58649.00,ABOVE RANGE,72416.00,Accepted
482,13270,2026-06-14,117000.00,Accepted,2026-07-21,8647,265,Senior Data Analyst,84707.00,140111.00,WITHIN RANGE,4591.00,Accepted
173,10500,2025-11-08,117000.00,Extended,,7073,418,Data Scientist,115080.00,153773.00,WITHIN RANGE,-17426.50,Extended
293,241,2026-04-11,117000.00,Accepted,2026-05-14,7687,740,Data Analyst,51055.00,95273.00,ABOVE RANGE,43836.00,Accepted
512,27530,2026-07-23,117000.00,Accepted,2026-09-15,5032,859,Full Stack Developer,92200.00,137280.00,WITHIN RANGE,2260.00,Accepted
143,16482,2026-07-15,117000.00,Accepted,2026-08-04,9264,88,Business Analyst,88529.00,129247.00,WITHIN RANGE,8112.00,Accepted
163,6868,2026-05-23,116000.00,Accepted,2026-07-12,782,666,AI Engineer,71694.00,126818.00,WITHIN RANGE,16744.00,Accepted
74,16641,2026-08-10,116000.00,Negotiating,,3286,641,Senior Data Analyst,60414.00,103787.00,ABOVE RANGE,33899.50,Negotiating
226,26703,2026-09-03,116000.00,Accepted,2026-10-24,2280,511,Business Analyst,75817.00,111959.00,ABOVE RANGE,22112.00,Accepted
332,15346,2026-08-17,116000.00,Accepted,2026-09-02,4091,534,AI Engineer,44433.00,76825.00,ABOVE RANGE,55371.00,Accepted
20,15739,2026-08-04,115000.00,Declined,,8278,684,AI Engineer,97576.00,150027.00,WITHIN RANGE,-8801.50,Declined
453,2896,2026-04-01,115000.00,Accepted,2026-05-17,7430,565,Full Stack Developer,74095.00,98763.00,ABOVE RANGE,28571.00,Accepted
133,28459,2026-09-03,115000.00,Accepted,2026-10-26,47,301,AI Engineer,36633.00,72086.00,ABOVE RANGE,60640.50,Accepted
217,11170,2026-03-05,115000.00,Accepted,2026-04-11,3667,743,Data Analyst,33363.00,91789.00,ABOVE RANGE,52424.00,Accepted
538,13259,2026-08-25,115000.00,Accepted,2026-09-14,1660,640,AI Engineer,70623.00,110881.00,ABOVE RANGE,24248.00,Accepted
132,9556,2026-06-21,114000.00,Accepted,2026-08-17,3739,113,DevOps Engineer,53230.00,89653.00,ABOVE RANGE,42558.50,Accepted
303,26076,2026-01-26,114000.00,Accepted,2026-03-04,8721,575,Java Developer,25900.00,48898.00,ABOVE RANGE,76601.00,Accepted
416,10451,2025-05-02,114000.00,Accepted,2025-05-28,9396,307,Senior Data Analyst,101444.00,124971.00,WITHIN RANGE,792.50,Accepted
275,18400,2026-05-21,114000.00,Accepted,2026-07-03,1626,664,Senior Data Analyst,90720.00,124349.00,WITHIN RANGE,6465.50,Accepted
231,29100,2026-09-02,114000.00,Extended,,9451,265,Senior Data Analyst,84707.00,140111.00,WITHIN RANGE,1591.00,Extended
223,26627,2026-01-24,114000.00,Extended,,7790,336,AI Engineer,115256.00,149141.00,BELOW RANGE,-18198.50,Extended
439,19208,2026-09-01,114000.00,Accepted,2026-09-26,4190,755,AI Engineer,78174.00,129421.00,WITHIN RANGE,10202.50,Accepted
182,20095,2026-04-23,114000.00,Negotiating,,4947,117,Data Scientist,31242.00,70261.00,ABOVE RANGE,63248.50,Negotiating
350,3546,2026-05-20,113000.00,Rescinded,,3260,836,Java Developer,22304.00,58622.00,ABOVE RANGE,72537.00,Rescinded
88,6921,2026-08-30,113000.00,Accepted,2026-10-25,8520,803,Java Developer,29852.00,75367.00,ABOVE RANGE,60390.50,Accepted
361,23895,2026-06-23,113000.00,Declined,,2669,646,Senior Data Analyst,111992.00,134586.00,WITHIN RANGE,-10289.00,Declined
329,12155,2026-08-01,113000.00,Extended,,7760,306,Java Developer,103656.00,157796.00,WITHIN RANGE,-17726.00,Extended
255,17994,2026-02-28,113000.00,Negotiating,,2210,640,AI Engineer,70623.00,110881.00,ABOVE RANGE,22248.00,Negotiating
492,2009,2025-06-25,113000.00,Accepted,2025-08-10,4444,897,Data Scientist,64770.00,87350.00,ABOVE RANGE,36940.00,Accepted
420,18458,2026-05-06,113000.00,Accepted,2026-06-17,3249,93,DevOps Engineer,40404.00,93728.00,ABOVE RANGE,45934.00,Accepted
77,16628,2025-06-13,113000.00,Declined,,7536,354,Data Scientist,88452.00,132057.00,WITHIN RANGE,2745.50,Declined
239,22712,2026-04-27,113000.00,Accepted,2026-05-23,6066,500,Data Scientist,70554.00,119793.00,WITHIN RANGE,17826.50,Accepted
118,19280,2025-07-18,113000.00,Accepted,2025-08-07,3867,982,Full Stack Developer,81300.00,134983.00,WITHIN RANGE,4858.50,Accepted
292,14892,2026-07-11,112000.00,Declined,,5825,949,Business Analyst,61158.00,109869.00,ABOVE RANGE,26486.50,Declined
103,27154,2025-12-23,112000.00,Accepted,2026-01-31,5953,405,Full Stack Developer,52692.00,97168.00,ABOVE RANGE,37070.00,Accepted
114,4652,2026-01-05,112000.00,Accepted,2026-02-04,7514,55,Full Stack Developer,30708.00,90611.00,ABOVE RANGE,51340.50,Accepted
294,28212,2025-12-14,112000.00,Extended,,7169,867,AI Engineer,99127.00,145809.00,WITHIN RANGE,-10468.00,Extended
209,23944,2026-08-10,112000.00,Declined,,2333,44,DevOps Engineer,64410.00,114146.00,WITHIN RANGE,22722.00,Declined
307,26788,2026-01-22,111000.00,Declined,,7224,479,ML Engineer,83120.00,139229.00,WITHIN RANGE,-174.50,Declined
390,29791,2026-09-06,111000.00,Accepted,2026-09-27,5344,416,AI Engineer,30540.00,65765.00,ABOVE RANGE,62847.50,Accepted
342,16451,2026-09-04,111000.00,Accepted,2026-10-11,6667,509,Data Scientist,31437.00,70968.00,ABOVE RANGE,59797.50,Accepted
493,26307,2026-07-11,111000.00,Accepted,2026-09-05,969,551,Senior Data Analyst,57968.00,93846.00,ABOVE RANGE,35093.00,Accepted
69,20962,2026-08-18,110000.00,Declined,,208,681,Full Stack Developer,48740.00,70613.00,ABOVE RANGE,50323.50,Declined
541,10424,2026-06-14,110000.00,Negotiating,,5411,470,ML Engineer,72960.00,126840.00,WITHIN RANGE,10100.00,Negotiating
62,5895,2026-07-13,110000.00,Accepted,2026-08-21,5431,748,Data Analyst,55908.00,90256.00,ABOVE RANGE,36918.00,Accepted
98,23382,2026-05-27,110000.00,Accepted,2026-06-20,8423,282,Data Analyst,67218.00,90882.00,ABOVE RANGE,30950.00,Accepted
356,8249,2026-08-28,110000.00,Extended,,2787,190,Senior Java Developer,111114.00,163950.00,BELOW RANGE,-27532.00,Extended
281,5989,2026-08-22,110000.00,Declined,,8812,500,Data Scientist,70554.00,119793.00,WITHIN RANGE,14826.50,Declined
27,28932,2026-07-03,110000.00,Accepted,2026-08-16,9824,444,Data Scientist,87374.00,118131.00,WITHIN RANGE,7247.50,Accepted
314,29041,2026-08-22,109000.00,Negotiating,,3479,923,AI Engineer,38853.00,82254.00,ABOVE RANGE,48446.50,Negotiating
485,21623,2026-03-17,109000.00,Accepted,2026-04-22,612,882,Full Stack Developer,34506.00,89694.00,ABOVE RANGE,46900.00,Accepted
386,18372,2026-04-12,109000.00,Extended,,9009,7,Business Analyst,64825.00,99198.00,ABOVE RANGE,26988.50,Extended
254,10129,2026-09-03,109000.00,Accepted,2026-09-28,9474,350,DevOps Engineer,79163.00,123980.00,WITHIN RANGE,7428.50,Accepted
168,8427,2026-08-30,109000.00,Declined,,3094,189,Data Analyst,50368.00,79017.00,ABOVE RANGE,44307.50,Declined
91,18913,2026-07-26,109000.00,Extended,,2936,949,Business Analyst,61158.00,109869.00,WITHIN RANGE,23486.50,Extended
354,10447,2025-10-26,109000.00,Accepted,2025-12-01,635,658,Full Stack Developer,91847.00,119350.00,WITHIN RANGE,3401.50,Accepted
376,2371,2026-08-18,109000.00,Accepted,2026-09-15,6139,982,Full Stack Developer,81300.00,134983.00,WITHIN RANGE,858.50,Accepted
400,23585,2026-08-07,108000.00,Accepted,2026-09-27,1725,725,Business Analyst,75432.00,99629.00,ABOVE RANGE,20469.50,Accepted
169,24236,2026-07-29,107000.00,Negotiating,,5958,340,ML Engineer,56210.00,98609.00,ABOVE RANGE,29590.50,Negotiating
505,10516,2026-06-14,107000.00,Accepted,2026-07-21,4595,894,AI Engineer,88552.00,140447.00,WITHIN RANGE,-7499.50,Accepted
468,29985,2026-02-24,106000.00,Declined,,464,116,AI Engineer,74845.00,104260.00,ABOVE RANGE,16447.50,Declined
165,26339,2026-08-16,106000.00,Accepted,2026-09-22,8088,499,DevOps Engineer,96224.00,123120.00,WITHIN RANGE,-3672.00,Accepted
399,21309,2026-07-09,106000.00,Accepted,2026-08-10,606,492,Data Scientist,34959.00,83736.00,ABOVE RANGE,46652.50,Accepted
462,620,2026-07-12,106000.00,Negotiating,,8073,10,Java Developer,50795.00,78126.00,ABOVE RANGE,41539.50,Negotiating
238,25431,2026-03-26,106000.00,Accepted,2026-04-09,4556,33,Senior Data Analyst,71520.00,109327.00,WITHIN RANGE,15576.50,Accepted
265,27026,2026-03-08,106000.00,Accepted,2026-03-25,9508,727,Java Developer,62196.00,121555.00,WITHIN RANGE,14124.50,Accepted
84,24818,2026-08-03,105000.00,Accepted,2026-10-02,5524,752,ML Engineer,42504.00,67346.00,ABOVE RANGE,50075.00,Accepted
425,7747,2025-12-09,105000.00,Negotiating,,1290,405,Full Stack Developer,52692.00,97168.00,ABOVE RANGE,30070.00,Negotiating
381,12325,2025-11-07,105000.00,Negotiating,,6512,401,Senior Data Analyst,77094.00,124539.00,WITHIN RANGE,4183.50,Negotiating
60,19816,2026-07-29,105000.00,Accepted,2026-08-24,7850,627,Full Stack Developer,95473.00,126164.00,WITHIN RANGE,-5818.50,Accepted
172,765,2025-12-09,105000.00,Accepted,2026-01-27,9212,851,Business Analyst,59510.00,108232.00,WITHIN RANGE,21129.00,Accepted
434,8161,2026-09-11,105000.00,Negotiating,,6828,412,Java Developer,43731.00,68122.00,ABOVE RANGE,49073.50,Negotiating
33,1237,2026-09-10,105000.00,Accepted,2026-09-25,1276,912,ML Engineer,69720.00,91140.00,ABOVE RANGE,24570.00,Accepted
23,19867,2026-07-25,104000.00,Accepted,2026-08-16,8326,206,DevOps Engineer,76908.00,133978.00,WITHIN RANGE,-1443.00,Accepted
39,1774,2026-01-21,104000.00,Accepted,2026-02-12,9569,613,ML Engineer,80544.00,116729.00,WITHIN RANGE,5363.50,Accepted
66,15871,2026-08-24,103000.00,Accepted,2026-10-01,5582,962,Senior Data Analyst,95067.00,140421.00,WITHIN RANGE,-14744.00,Accepted
318,14876,2026-06-17,103000.00,Accepted,2026-08-13,7965,293,AI Engineer,81151.00,130954.00,WITHIN RANGE,-3052.50,Accepted
161,991,2026-01-21,103000.00,Declined,,7584,683,Data Analyst,32727.00,67117.00,ABOVE RANGE,53078.00,Declined
458,7060,2026-08-20,102000.00,Accepted,2026-09-05,8025,806,Business Analyst,100625.00,122179.00,WITHIN RANGE,-9402.00,Accepted
136,28797,2025-12-14,102000.00,Extended,,4285,378,Full Stack Developer,95512.00,148393.00,WITHIN RANGE,-19952.50,Extended
221,21896,2026-01-17,102000.00,Extended,,5602,675,Senior Data Analyst,65046.00,86965.00,ABOVE RANGE,25994.50,Extended
234,29066,2026-09-14,102000.00,Declined,,2280,763,AI Engineer,57300.00,94531.00,ABOVE RANGE,26084.50,Declined
283,26518,2026-09-13,102000.00,Accepted,2026-10-29,737,198,AI Engineer,83657.00,131170.00,WITHIN RANGE,-5413.50,Accepted
285,14427,2026-08-31,102000.00,Declined,,501,933,Data Analyst,21410.00,56798.00,ABOVE RANGE,62896.00,Declined
422,28646,2026-03-16,102000.00,Accepted,2026-04-07,7599,785,Data Scientist,69234.00,92133.00,ABOVE RANGE,21316.50,Accepted
479,25496,2026-01-05,102000.00,Declined,,8663,25,AI Engineer,76134.00,114392.00,WITHIN RANGE,6737.00,Declined
465,12975,2025-12-01,101000.00,Accepted,2025-12-26,1540,715,DevOps Engineer,43784.00,92485.00,ABOVE RANGE,32865.50,Accepted
306,16241,2026-07-17,101000.00,Accepted,2026-09-04,6958,575,Java Developer,25900.00,48898.00,ABOVE RANGE,63601.00,Accepted
449,17443,2025-10-12,101000.00,Accepted,2025-11-15,433,798,Java Developer,69140.00,91077.00,ABOVE RANGE,20891.50,Accepted
355,5941,2026-08-22,101000.00,Declined,,5149,373,Data Scientist,89776.00,139462.00,WITHIN RANGE,-13619.00,Declined
243,24007,2026-04-04,101000.00,Accepted,2026-05-01,5276,310,Data Analyst,28574.00,57506.00,ABOVE RANGE,57960.00,Accepted
427,3999,2026-04-11,101000.00,Accepted,2026-05-25,7402,990,AI Engineer,81138.00,116546.00,WITHIN RANGE,2158.00,Accepted
515,10639,2026-08-21,101000.00,Accepted,2026-09-08,4563,954,DevOps Engineer,43911.00,74706.00,ABOVE RANGE,41691.50,Accepted
539,28747,2026-06-24,100000.00,Extended,,9737,753,Java Developer,70985.00,92520.00,ABOVE RANGE,18247.50,Extended
433,5245,2026-08-27,100000.00,Accepted,2026-10-18,9321,755,AI Engineer,78174.00,129421.00,WITHIN RANGE,-3797.50,Accepted
158,17845,2026-05-09,99000.00,Negotiating,,7262,619,ML Engineer,57535.00,77770.00,ABOVE RANGE,31347.50,Negotiating
423,15766,2026-07-09,99000.00,Accepted,2026-08-11,1393,361,Data Analyst,52292.00,107306.00,WITHIN RANGE,19201.00,Accepted
395,7673,2026-08-03,99000.00,Extended,,2896,730,Senior Data Analyst,47356.00,104410.00,WITHIN RANGE,23117.00,Extended
526,23007,2025-10-24,98000.00,Accepted,2025-11-12,1874,284,AI Engineer,98917.00,146428.00,BELOW RANGE,-24672.50,Accepted
155,15615,2025-10-18,97000.00,Accepted,2025-11-04,5513,282,Data Analyst,67218.00,90882.00,ABOVE RANGE,17950.00,Accepted
97,3842,2026-08-17,97000.00,Accepted,2026-10-05,793,695,Full Stack Developer,80514.00,125153.00,WITHIN RANGE,-5833.50,Accepted
102,23678,2026-03-16,96000.00,Accepted,2026-05-03,6388,954,DevOps Engineer,43911.00,74706.00,ABOVE RANGE,36691.50,Accepted
232,3810,2026-05-03,95000.00,Rescinded,,8956,786,Data Analyst,53816.00,85580.00,ABOVE RANGE,25302.00,Rescinded
188,21363,2026-07-05,95000.00,Extended,,808,154,AI Engineer,53300.00,75376.00,ABOVE RANGE,30662.00,Extended
32,12688,2026-04-10,93000.00,Declined,,4579,112,Java Developer,43548.00,102069.00,WITHIN RANGE,20191.50,Declined
215,15533,2026-02-25,93000.00,Negotiating,,9336,622,Data Analyst,47184.00,85513.00,ABOVE RANGE,26651.50,Negotiating
389,15968,2026-01-31,93000.00,Accepted,2026-02-24,5056,606,Senior Data Analyst,98210.00,131156.00,BELOW RANGE,-21683.00,Accepted
81,29385,2026-07-18,92000.00,Accepted,2026-09-01,7681,736,Java Developer,66745.00,116220.00,WITHIN RANGE,517.50,Accepted
513,29045,2026-06-06,91000.00,Accepted,2026-07-10,4613,733,Data Scientist,84924.00,123725.00,WITHIN RANGE,-13324.50,Accepted
269,5262,2025-09-25,91000.00,Accepted,2025-11-06,232,620,ML Engineer,87800.00,119013.00,WITHIN RANGE,-12406.50,Accepted
464,3488,2026-08-31,91000.00,Accepted,2026-09-30,7882,699,Data Scientist,62730.00,83152.00,ABOVE RANGE,18059.00,Accepted
46,12618,2026-06-19,90000.00,Declined,,1213,124,AI Engineer,44070.00,71272.00,ABOVE RANGE,32329.00,Declined
233,2999,2026-08-27,89000.00,Accepted,2026-10-10,7153,346,Business Analyst,102795.00,161710.00,BELOW RANGE,-43252.50,Accepted
264,24224,2026-04-04,89000.00,Accepted,2026-04-19,9887,606,Senior Data Analyst,98210.00,131156.00,BELOW RANGE,-25683.00,Accepted
559,2634,2026-01-31,89000.00,Rescinded,,9790,196,Senior Java Developer,69050.00,107551.00,WITHIN RANGE,699.50,Rescinded
175,13005,2026-09-04,88000.00,Negotiating,,9746,303,Java Developer,51828.00,95441.00,WITHIN RANGE,14365.50,Negotiating
80,13107,2025-06-17,88000.00,Accepted,2025-07-30,8934,335,AI Engineer,52248.00,82471.00,ABOVE RANGE,20640.50,Accepted
277,9952,2026-06-09,88000.00,Accepted,2026-07-12,2344,35,Senior Java Developer,81896.00,127380.00,WITHIN RANGE,-16638.00,Accepted
451,16868,2025-12-26,87000.00,Extended,,8714,675,Senior Data Analyst,65046.00,86965.00,ABOVE RANGE,10994.50,Extended
48,8680,2026-09-02,86000.00,Extended,,9693,780,AI Engineer,76181.00,123770.00,WITHIN RANGE,-13975.50,Extended
537,5337,2026-02-07,85000.00,Negotiating,,7706,531,Data Analyst,65658.00,94990.00,WITHIN RANGE,4676.00,Negotiating
387,2923,2026-04-28,85000.00,Declined,,5298,619,ML Engineer,57535.00,77770.00,ABOVE RANGE,17347.50,Declined
259,15847,2026-03-03,85000.00,Accepted,2026-03-31,5421,991,Data Scientist,94570.00,146856.00,BELOW RANGE,-35713.00,Accepted
203,9668,2026-03-24,85000.00,Negotiating,,5552,215,Java Developer,43428.00,68290.00,ABOVE RANGE,29141.00,Negotiating
225,19235,2026-08-29,85000.00,Accepted,2026-10-05,995,763,AI Engineer,57300.00,94531.00,WITHIN RANGE,9084.50,Accepted
86,29706,2026-07-30,84000.00,Accepted,2026-08-18,9399,762,AI Engineer,50575.00,83199.00,ABOVE RANGE,17113.00,Accepted
343,20863,2026-07-16,84000.00,Accepted,2026-09-10,6900,442,Senior Data Analyst,71533.00,103270.00,WITHIN RANGE,-3401.50,Accepted
222,22478,2026-08-28,84000.00,Accepted,2026-10-27,1401,836,Java Developer,22304.00,58622.00,ABOVE RANGE,43537.00,Accepted
105,11549,2026-08-23,84000.00,Accepted,2026-09-09,5249,811,Data Scientist,56380.00,114858.00,WITHIN RANGE,-1619.00,Accepted
312,8939,2026-08-30,84000.00,Declined,,6025,800,AI Engineer,89454.00,127730.00,BELOW RANGE,-24592.00,Declined
412,1161,2026-04-29,83000.00,Declined,,6629,889,Full Stack Developer,90650.00,125319.00,BELOW RANGE,-24984.50,Declined
357,11264,2025-11-11,83000.00,Accepted,2025-11-25,4513,727,Java Developer,62196.00,121555.00,WITHIN RANGE,-8875.50,Accepted
445,3335,2026-06-24,83000.00,Accepted,2026-08-15,3456,943,AI Engineer,67550.00,126195.00,WITHIN RANGE,-13872.50,Accepted
82,11534,2026-06-19,83000.00,Accepted,2026-07-25,9715,851,Business Analyst,59510.00,108232.00,WITHIN RANGE,-871.00,Accepted
108,29513,2026-08-08,82000.00,Accepted,2026-09-12,8283,309,Business Analyst,82440.00,139401.00,BELOW RANGE,-28920.50,Accepted
344,10138,2025-05-23,82000.00,Declined,,5593,887,Java Developer,41256.00,70659.00,ABOVE RANGE,26042.50,Declined
454,23710,2025-05-15,81000.00,Accepted,2025-06-10,464,439,Full Stack Developer,104080.00,135830.00,BELOW RANGE,-38955.00,Accepted
442,29903,2026-01-07,81000.00,Declined,,6989,143,DevOps Engineer,59590.00,117345.00,WITHIN RANGE,-7467.50,Declined
497,26791,2025-06-25,81000.00,Declined,,6244,956,Senior Java Developer,92277.00,139626.00,BELOW RANGE,-34951.50,Declined
237,20418,2026-06-14,80000.00,Accepted,2026-08-06,8139,471,Data Scientist,41556.00,78610.00,ABOVE RANGE,19917.00,Accepted
218,12888,2026-07-08,80000.00,Accepted,2026-08-10,3867,206,DevOps Engineer,76908.00,133978.00,WITHIN RANGE,-25443.00,Accepted
444,27370,2026-05-08,80000.00,Accepted,2026-06-04,501,555,Senior Java Developer,59515.00,93525.00,WITHIN RANGE,3480.00,Accepted
566,5958,2025-11-07,80000.00,Accepted,2025-12-24,9479,700,Data Analyst,81810.00,127415.00,BELOW RANGE,-24612.50,Accepted
261,11426,2026-08-25,79000.00,Accepted,2026-09-13,7233,642,Data Scientist,44430.00,89472.00,WITHIN RANGE,12049.00,Accepted
190,1804,2026-06-17,78000.00,Accepted,2026-07-19,5199,425,DevOps Engineer,52705.00,111415.00,WITHIN RANGE,-4060.00,Accepted
455,22038,2026-04-15,78000.00,Accepted,2026-05-13,2053,178,Data Scientist,77980.00,111521.00,WITHIN RANGE,-16750.50,Accepted
287,14024,2026-07-19,78000.00,Negotiating,,3112,525,Business Analyst,70602.00,120316.00,WITHIN RANGE,-17459.00,Negotiating
210,15909,2026-03-11,78000.00,Accepted,2026-04-07,3529,737,Full Stack Developer,56668.00,115208.00,WITHIN RANGE,-7938.00,Accepted
25,19942,2026-08-30,78000.00,Accepted,2026-10-14,6912,703,Java Developer,41499.00,91537.00,WITHIN RANGE,11482.00,Accepted
106,23731,2026-06-26,78000.00,Extended,,6939,271,Java Developer,40140.00,93730.00,WITHIN RANGE,11065.00,Extended
125,1135,2025-09-20,77000.00,Extended,,3654,157,DevOps Engineer,102664.00,126183.00,BELOW RANGE,-37423.50,Extended
504,24086,2026-08-25,77000.00,Accepted,2026-10-14,9573,405,Full Stack Developer,52692.00,97168.00,WITHIN RANGE,2070.00,Accepted
3,7679,2026-07-02,77000.00,Extended,,4262,980,ML Engineer,85188.00,141338.00,BELOW RANGE,-36263.00,Extended
180,12091,2026-04-23,77000.00,Declined,,2845,504,Java Developer,69465.00,129160.00,WITHIN RANGE,-22312.50,Declined
35,20412,2026-08-16,77000.00,Accepted,2026-10-13,2590,63,ML Engineer,84637.00,105252.00,BELOW RANGE,-17944.50,Accepted
475,14548,2026-09-05,76000.00,Accepted,2026-09-29,8278,555,Senior Java Developer,59515.00,93525.00,WITHIN RANGE,-520.00,Accepted
300,1506,2026-01-19,76000.00,Rescinded,,3260,666,AI Engineer,71694.00,126818.00,WITHIN RANGE,-23256.00,Rescinded
295,26400,2025-11-22,76000.00,Accepted,2026-01-18,6611,715,DevOps Engineer,43784.00,92485.00,WITHIN RANGE,7865.50,Accepted
488,11073,2026-03-29,76000.00,Declined,,1723,743,Data Analyst,33363.00,91789.00,WITHIN RANGE,13424.00,Declined
371,22868,2026-05-30,75000.00,Accepted,2026-07-27,6335,248,Java Developer,85710.00,111951.00,BELOW RANGE,-23830.50,Accepted
273,10323,2026-07-20,75000.00,Accepted,2026-09-17,7474,246,Data Scientist,40224.00,98939.00,WITHIN RANGE,5418.50,Accepted
38,20976,2026-06-14,74000.00,Rescinded,,4526,840,ML Engineer,63225.00,118613.00,WITHIN RANGE,-16919.00,Rescinded
128,8473,2025-09-16,74000.00,Accepted,2025-10-01,982,66,Full Stack Developer,44241.00,88152.00,WITHIN RANGE,7803.50,Accepted
193,5402,2025-06-04,73000.00,Extended,,1172,154,AI Engineer,53300.00,75376.00,WITHIN RANGE,8662.00,Extended
346,1206,2026-07-16,72000.00,Declined,,9764,206,DevOps Engineer,76908.00,133978.00,BELOW RANGE,-33443.00,Declined
481,3401,2026-04-19,72000.00,Negotiating,,4164,552,Data Analyst,45028.00,93906.00,WITHIN RANGE,2533.00,Negotiating
154,26804,2026-09-16,72000.00,Accepted,2026-10-23,1936,828,Senior Java Developer,70650.00,112084.00,WITHIN RANGE,-19367.00,Accepted
328,22542,2026-08-29,71000.00,Declined,,3397,527,Data Scientist,73940.00,122503.00,BELOW RANGE,-27221.50,Declined
529,8662,2026-08-03,71000.00,Negotiating,,6511,6,ML Engineer,46912.00,104082.00,WITHIN RANGE,-4497.00,Negotiating
135,4803,2026-02-01,70000.00,Rescinded,,3536,800,AI Engineer,89454.00,127730.00,BELOW RANGE,-38592.00,Rescinded
5,26661,2026-02-19,68000.00,Declined,,2195,335,AI Engineer,52248.00,82471.00,WITHIN RANGE,640.50,Declined
340,5299,2026-04-07,68000.00,Extended,,6292,322,DevOps Engineer,49276.00,90417.00,WITHIN RANGE,-1846.50,Extended
519,25611,2026-03-21,67000.00,Negotiating,,1167,558,Data Analyst,30519.00,58649.00,ABOVE RANGE,22416.00,Negotiating
437,1858,2026-08-21,67000.00,Extended,,9541,472,Data Scientist,38589.00,64721.00,ABOVE RANGE,15345.00,Extended
280,20749,2025-08-15,66000.00,Accepted,2025-09-17,6505,871,Business Analyst,78420.00,102967.00,BELOW RANGE,-24693.50,Accepted
147,6840,2026-04-27,66000.00,Accepted,2026-05-19,5393,322,DevOps Engineer,49276.00,90417.00,WITHIN RANGE,-3846.50,Accepted
100,28564,2025-09-08,64000.00,Accepted,2025-10-17,3962,805,Data Scientist,55144.00,79721.00,WITHIN RANGE,-3432.50,Accepted
548,17064,2026-06-12,64000.00,Extended,,8548,450,ML Engineer,58560.00,113363.00,WITHIN RANGE,-21961.50,Extended
59,21617,2025-07-26,64000.00,Accepted,2025-09-06,1401,357,Business Analyst,37137.00,69821.00,WITHIN RANGE,10521.00,Accepted
534,11901,2025-08-07,64000.00,Accepted,2025-08-29,4895,433,AI Engineer,55130.00,88882.00,WITHIN RANGE,-8006.00,Accepted
535,20211,2026-09-08,64000.00,Declined,,7522,329,Data Analyst,64565.00,94795.00,BELOW RANGE,-15680.00,Declined
349,15223,2026-03-15,64000.00,Accepted,2026-04-02,3446,974,Data Analyst,84792.00,108517.00,BELOW RANGE,-32654.50,Accepted
119,12203,2026-08-10,62000.00,Accepted,2026-10-05,7746,248,Java Developer,85710.00,111951.00,BELOW RANGE,-36830.50,Accepted
15,3919,2026-03-06,61000.00,Negotiating,,6374,365,DevOps Engineer,68065.00,95775.00,BELOW RANGE,-20920.00,Negotiating
138,29478,2026-08-27,61000.00,Accepted,2026-10-03,8013,508,ML Engineer,43756.00,70265.00,WITHIN RANGE,3989.50,Accepted
373,13492,2026-07-14,60000.00,Accepted,2026-08-27,2774,551,Senior Data Analyst,57968.00,93846.00,WITHIN RANGE,-15907.00,Accepted
142,6945,2026-04-24,60000.00,Extended,,4446,729,Data Analyst,29978.00,63837.00,WITHIN RANGE,13092.50,Extended
45,28321,2026-07-08,59000.00,Accepted,2026-07-26,1916,821,Business Analyst,61030.00,96019.00,BELOW RANGE,-19524.50,Accepted
148,1675,2026-03-29,59000.00,Accepted,2026-04-20,4466,778,Data Analyst,43424.00,86943.00,WITHIN RANGE,-6183.50,Accepted
518,7974,2026-05-21,58000.00,Extended,,4657,238,ML Engineer,52670.00,75666.00,WITHIN RANGE,-6168.00,Extended
94,9602,2025-12-31,58000.00,Accepted,2026-02-08,5257,983,Data Scientist,43052.00,88210.00,WITHIN RANGE,-7631.00,Accepted
388,26041,2025-12-11,57000.00,Accepted,2026-01-31,6551,90,Data Analyst,54235.00,96742.00,WITHIN RANGE,-18488.50,Accepted
463,12413,2026-03-06,57000.00,Accepted,2026-03-26,6040,173,Senior Data Analyst,62825.00,90549.00,BELOW RANGE,-19687.00,Accepted
359,4549,2025-11-08,55000.00,Extended,,1356,735,DevOps Engineer,80754.00,123977.00,BELOW RANGE,-47365.50,Extended
